ID,STATE,month,total_fire_size
0,AK,2011-01,55862.9
1,AK,2011-02,54153.184
2,AK,2011-03,52772.48
3,AK,2011-04,5613.2144
4,AK,2011-05,390209.25
5,AK,2011-06,320456.7
6,AK,2011-07,167776.58
7,AK,2011-08,22112.875
8,AK,2011-09,23689.992
9,AK,2011-10,75.85878
10,AK,2011-11,37102.19
11,AK,2011-12,37737.348
12,AK,2012-01,55862.9
13,AK,2012-02,54153.184
14,AK,2012-03,52772.48
15,AK,2012-04,51723.17
16,AK,2012-05,36364.52
17,AK,2012-06,183037.34
18,AK,2012-07,209851.53
19,AK,2012-08,39529.49
20,AK,2012-09,82.47098
21,AK,2012-10,36093.23
22,AK,2012-11,37102.19
23,AK,2012-12,37737.348
24,AK,2013-01,55862.9
25,AK,2013-02,54153.184
26,AK,2013-03,52772.48
27,AK,2013-04,51723.17
28,AK,2013-05,140232.31
29,AK,2013-06,477612.0
30,AK,2013-07,422835.47
31,AK,2013-08,63168.457
32,AK,2013-09,457.10345
33,AK,2013-10,1379.539
34,AK,2013-11,37102.19
35,AK,2013-12,37737.348
36,AK,2014-01,55862.9
37,AK,2014-02,54153.184
38,AK,2014-03,52772.48
39,AK,2014-04,51723.17
40,AK,2014-05,211612.58
41,AK,2014-06,52227.39
42,AK,2014-07,157015.03
43,AK,2014-08,45516.316
44,AK,2014-09,17093.639
45,AK,2014-10,36093.23
46,AK,2014-11,37102.19
47,AK,2014-12,37737.348
48,AK,2015-01,55862.9
49,AK,2015-02,54153.184
50,AK,2015-03,52772.48
51,AK,2015-04,3203.1587
52,AK,2015-05,151273.2
53,AK,2015-06,400756.44
54,AK,2015-07,331940.4
55,AK,2015-08,43361.31
56,AK,2015-09,78.97124
57,AK,2015-10,83.30365
58,AK,2015-11,37102.19
59,AK,2015-12,37737.348
60,AL,2011-01,50799.12
61,AL,2011-02,62270.547
62,AL,2011-03,33781.145
63,AL,2011-04,8323.073
64,AL,2011-05,9418.459
65,AL,2011-06,2563.2048
66,AL,2011-07,426.02823
67,AL,2011-08,3323.3635
68,AL,2011-09,597.25323
69,AL,2011-10,6642.6255
70,AL,2011-11,1714.8284
71,AL,2011-12,1760.7013
72,AL,2012-01,60719.207
73,AL,2012-02,72401.484
74,AL,2012-03,41181.48
75,AL,2012-04,31352.99
76,AL,2012-05,8835.031
77,AL,2012-06,4572.5825
78,AL,2012-07,2003.2438
79,AL,2012-08,277.61652
80,AL,2012-09,610.5114
81,AL,2012-10,2392.5964
82,AL,2012-11,4856.5933
83,AL,2012-12,642.373
84,AL,2013-01,62149.996
85,AL,2013-02,36147.67
86,AL,2013-03,46391.273
87,AL,2013-04,16705.803
88,AL,2013-05,6621.503
89,AL,2013-06,409.84625
90,AL,2013-07,113.235
91,AL,2013-08,84.063
92,AL,2013-09,564.03876
93,AL,2013-10,5220.4614
94,AL,2013-11,2467.8796
95,AL,2013-12,199.23672
96,AL,2014-01,19551.252
97,AL,2014-02,34054.94
98,AL,2014-03,40617.15
99,AL,2014-04,6799.448
100,AL,2014-05,6365.4614
101,AL,2014-06,557.51855
102,AL,2014-07,302.66486
103,AL,2014-08,549.14294
104,AL,2014-09,446.6164
105,AL,2014-10,381.78622
106,AL,2014-11,4830.511
107,AL,2014-12,3935.7598
108,AL,2015-01,34976.473
109,AL,2015-02,26855.57
110,AL,2015-03,44541.215
111,AL,2015-04,11897.145
112,AL,2015-05,728.0541
113,AL,2015-06,853.3631
114,AL,2015-07,771.5857
115,AL,2015-08,304.9986
116,AL,2015-09,217.43605
117,AL,2015-10,2028.9816
118,AL,2015-11,201.47313
119,AL,2015-12,65.80782
120,AR,2011-01,10623.034
121,AR,2011-02,15743.67
122,AR,2011-03,18202.46
123,AR,2011-04,2207.3972
124,AR,2011-05,462.81006
125,AR,2011-06,35.126072
126,AR,2011-07,32.87012
127,AR,2011-08,107.80124
128,AR,2011-09,3328.6582
129,AR,2011-10,3871.7285
130,AR,2011-11,473.78915
131,AR,2011-12,490.3075
132,AR,2012-01,4486.1943
133,AR,2012-02,14545.168
134,AR,2012-03,12932.54
135,AR,2012-04,134.86337
136,AR,2012-05,32.580795
137,AR,2012-06,30.017601
138,AR,2012-07,36.541138
139,AR,2012-08,246.8683
140,AR,2012-09,109.480515
141,AR,2012-10,2924.0063
142,AR,2012-11,5323.972
143,AR,2012-12,2733.437
144,AR,2013-01,5134.2627
145,AR,2013-02,6176.3115
146,AR,2013-03,16302.394
147,AR,2013-04,2614.96
148,AR,2013-05,570.73193
149,AR,2013-06,35.126072
150,AR,2013-07,36.454597
151,AR,2013-08,39.751614
152,AR,2013-09,2092.9915
153,AR,2013-10,522.01715
154,AR,2013-11,1806.5332
155,AR,2013-12,746.7468
156,AR,2014-01,4036.612
157,AR,2014-02,10839.724
158,AR,2014-03,16600.299
159,AR,2014-04,4681.095
160,AR,2014-05,604.7679
161,AR,2014-06,39.744087
162,AR,2014-07,37.656944
163,AR,2014-08,104.51076
164,AR,2014-09,1275.8928
165,AR,2014-10,275.06665
166,AR,2014-11,2234.997
167,AR,2014-12,1363.4377
168,AR,2015-01,4849.2686
169,AR,2015-02,6469.912
170,AR,2015-03,16302.394
171,AR,2015-04,1268.0747
172,AR,2015-05,177.81252
173,AR,2015-06,37.081074
174,AR,2015-07,36.760483
175,AR,2015-08,208.83612
176,AR,2015-09,2372.0818
177,AR,2015-10,1199.0974
178,AR,2015-11,128.07382
179,AR,2015-12,108.09949
180,AZ,2011-01,116.26329
181,AZ,2011-02,115.932205
182,AZ,2011-03,682.1131
183,AZ,2011-04,2160.3833
184,AZ,2011-05,6294.77
185,AZ,2011-06,19222.031
186,AZ,2011-07,13138.14
187,AZ,2011-08,10389.975
188,AZ,2011-09,9157.311
189,AZ,2011-10,5844.9365
190,AZ,2011-11,1750.2358
191,AZ,2011-12,614.2635
192,AZ,2012-01,103.75499
193,AZ,2012-02,99.55299
194,AZ,2012-03,622.5945
195,AZ,2012-04,3608.3975
196,AZ,2012-05,12567.443
197,AZ,2012-06,15654.917
198,AZ,2012-07,6650.81
199,AZ,2012-08,5636.3857
200,AZ,2012-09,7791.5186
201,AZ,2012-10,9559.626
202,AZ,2012-11,1946.5916
203,AZ,2012-12,1472.4259
204,AZ,2013-01,120.63782
205,AZ,2013-02,112.70538
206,AZ,2013-03,563.2173
207,AZ,2013-04,2894.3445
208,AZ,2013-05,9905.05
209,AZ,2013-06,17621.299
210,AZ,2013-07,8736.194
211,AZ,2013-08,11090.409
212,AZ,2013-09,7830.1978
213,AZ,2013-10,5631.1533
214,AZ,2013-11,686.7023
215,AZ,2013-12,1239.9941
216,AZ,2014-01,94.93106
217,AZ,2014-02,86.4536
218,AZ,2014-03,76.28194
219,AZ,2014-04,2501.0461
220,AZ,2014-05,11036.029
221,AZ,2014-06,14414.549
222,AZ,2014-07,11823.417
223,AZ,2014-08,3343.1545
224,AZ,2014-09,4074.226
225,AZ,2014-10,4715.005
226,AZ,2014-11,1293.214
227,AZ,2014-12,1006.04846
228,AZ,2015-01,110.46286
229,AZ,2015-02,122.18257
230,AZ,2015-03,1665.8202
231,AZ,2015-04,2469.2725
232,AZ,2015-05,3710.821
233,AZ,2015-06,10789.276
234,AZ,2015-07,10196.096
235,AZ,2015-08,4481.2764
236,AZ,2015-09,7830.1978
237,AZ,2015-10,5254.2227
238,AZ,2015-11,1324.2933
239,AZ,2015-12,1114.6615
240,CA,2011-01,124.56676
241,CA,2011-02,124.67926
242,CA,2011-03,116.91937
243,CA,2011-04,2409.6145
244,CA,2011-05,3073.5461
245,CA,2011-06,6943.042
246,CA,2011-07,24717.771
247,CA,2011-08,25346.592
248,CA,2011-09,21782.396
249,CA,2011-10,5372.3667
250,CA,2011-11,1784.2185
251,CA,2011-12,1123.8873
252,CA,2012-01,133.42632
253,CA,2012-02,106.699646
254,CA,2012-03,147.15157
255,CA,2012-04,2036.831
256,CA,2012-05,14623.453
257,CA,2012-06,13424.703
258,CA,2012-07,27511.654
259,CA,2012-08,26375.133
260,CA,2012-09,22902.861
261,CA,2012-10,16511.549
262,CA,2012-11,1357.1631
263,CA,2012-12,94.7025
264,CA,2013-01,123.7738
265,CA,2013-02,101.1234
266,CA,2013-03,1329.144
267,CA,2013-04,4852.699
268,CA,2013-05,13378.359
269,CA,2013-06,25272.48
270,CA,2013-07,27514.014
271,CA,2013-08,22745.79
272,CA,2013-09,20418.031
273,CA,2013-10,8854.212
274,CA,2013-11,2899.5771
275,CA,2013-12,2138.0796
276,CA,2014-01,105.92062
277,CA,2014-02,124.39427
278,CA,2014-03,114.224106
279,CA,2014-04,2634.0195
280,CA,2014-05,18190.814
281,CA,2014-06,24688.148
282,CA,2014-07,26468.314
283,CA,2014-08,23306.947
284,CA,2014-09,19792.979
285,CA,2014-10,12895.485
286,CA,2014-11,2169.531
287,CA,2014-12,96.60834
288,CA,2015-01,110.087006
289,CA,2015-02,111.07414
290,CA,2015-03,2347.4553
291,CA,2015-04,2834.2898
292,CA,2015-05,10458.424
293,CA,2015-06,25777.463
294,CA,2015-07,25158.365
295,CA,2015-08,23902.76
296,CA,2015-09,21723.861
297,CA,2015-10,14737.236
298,CA,2015-11,2549.6099
299,CA,2015-12,350.02005
300,CO,2011-01,217.58585
301,CO,2011-02,206.2961
302,CO,2011-03,120.26198
303,CO,2011-04,101.42163
304,CO,2011-05,234.03809
305,CO,2011-06,1982.4902
306,CO,2011-07,2064.911
307,CO,2011-08,2995.1343
308,CO,2011-09,1388.048
309,CO,2011-10,394.4372
310,CO,2011-11,101.01367
311,CO,2011-12,149.03502
312,CO,2012-01,201.65506
313,CO,2012-02,168.56493
314,CO,2012-03,134.11166
315,CO,2012-04,92.87448
316,CO,2012-05,632.88257
317,CO,2012-06,3857.3892
318,CO,2012-07,2422.6553
319,CO,2012-08,3294.8228
320,CO,2012-09,1413.5594
321,CO,2012-10,130.43211
322,CO,2012-11,99.97572
323,CO,2012-12,126.19798
324,CO,2013-01,190.45105
325,CO,2013-02,170.19893
326,CO,2013-03,146.00673
327,CO,2013-04,130.3672
328,CO,2013-05,236.56952
329,CO,2013-06,3845.3518
330,CO,2013-07,1096.7906
331,CO,2013-08,1138.8855
332,CO,2013-09,452.20276
333,CO,2013-10,227.89835
334,CO,2013-11,96.855774
335,CO,2013-12,131.46881
336,CO,2014-01,204.50839
337,CO,2014-02,200.98848
338,CO,2014-03,160.93977
339,CO,2014-04,119.128235
340,CO,2014-05,109.11662
341,CO,2014-06,1192.3208
342,CO,2014-07,1034.9252
343,CO,2014-08,1617.3411
344,CO,2014-09,1511.4913
345,CO,2014-10,75.89949
346,CO,2014-11,121.97008
347,CO,2014-12,139.55502
348,CO,2015-01,182.62097
349,CO,2015-02,169.257
350,CO,2015-03,144.33617
351,CO,2015-04,107.2829
352,CO,2015-05,118.834076
353,CO,2015-06,773.8437
354,CO,2015-07,878.8167
355,CO,2015-08,1032.2455
356,CO,2015-09,1769.1791
357,CO,2015-10,171.63092
358,CO,2015-11,93.70715
359,CO,2015-12,116.71799
360,CT,2011-01,5054.446
361,CT,2011-02,509.28262
362,CT,2011-03,42.589546
363,CT,2011-04,51.165756
364,CT,2011-05,54.959732
365,CT,2011-06,57.03266
366,CT,2011-07,52.971947
367,CT,2011-08,56.91614
368,CT,2011-09,78.48836
369,CT,2011-10,74.24342
370,CT,2011-11,68.58042
371,CT,2011-12,70.10359
372,CT,2012-01,5054.446
373,CT,2012-02,509.28262
374,CT,2012-03,42.589546
375,CT,2012-04,51.165756
376,CT,2012-05,56.010258
377,CT,2012-06,59.16268
378,CT,2012-07,61.693172
379,CT,2012-08,64.055435
380,CT,2012-09,65.97662
381,CT,2012-10,67.33769
382,CT,2012-11,68.58042
383,CT,2012-12,70.10359
384,CT,2013-01,5054.446
385,CT,2013-02,509.28262
386,CT,2013-03,42.589546
387,CT,2013-04,51.165756
388,CT,2013-05,56.010258
389,CT,2013-06,59.16268
390,CT,2013-07,61.693172
391,CT,2013-08,64.055435
392,CT,2013-09,65.97662
393,CT,2013-10,67.33769
394,CT,2013-11,68.58042
395,CT,2013-12,70.10359
396,CT,2014-01,5054.446
397,CT,2014-02,509.28262
398,CT,2014-03,42.589546
399,CT,2014-04,51.165756
400,CT,2014-05,56.010258
401,CT,2014-06,59.16268
402,CT,2014-07,61.693172
403,CT,2014-08,64.055435
404,CT,2014-09,65.97662
405,CT,2014-10,67.33769
406,CT,2014-11,68.58042
407,CT,2014-12,70.10359
408,CT,2015-01,5054.446
409,CT,2015-02,509.28262
410,CT,2015-03,42.589546
411,CT,2015-04,51.165756
412,CT,2015-05,56.010258
413,CT,2015-06,59.16268
414,CT,2015-07,61.693172
415,CT,2015-08,64.055435
416,CT,2015-09,65.97662
417,CT,2015-10,67.33769
418,CT,2015-11,68.58042
419,CT,2015-12,70.10359
420,DE,2011-01,27459.578
421,DE,2011-02,16674.49
422,DE,2011-03,1358.0205
423,DE,2011-04,44.10899
424,DE,2011-05,45.751324
425,DE,2011-06,48.914623
426,DE,2011-07,51.308987
427,DE,2011-08,53.08481
428,DE,2011-09,54.57485
429,DE,2011-10,56.304974
430,DE,2011-11,57.60548
431,DE,2011-12,58.83886
432,DE,2012-01,27459.578
433,DE,2012-02,16674.49
434,DE,2012-03,1358.0205
435,DE,2012-04,44.10899
436,DE,2012-05,45.751324
437,DE,2012-06,48.914623
438,DE,2012-07,51.308987
439,DE,2012-08,53.08481
440,DE,2012-09,54.57485
441,DE,2012-10,56.304974
442,DE,2012-11,57.60548
443,DE,2012-12,58.83886
444,DE,2013-01,27459.578
445,DE,2013-02,16674.49
446,DE,2013-03,1358.0205
447,DE,2013-04,44.10899
448,DE,2013-05,45.751324
449,DE,2013-06,48.914623
450,DE,2013-07,51.308987
451,DE,2013-08,53.08481
452,DE,2013-09,54.57485
453,DE,2013-10,56.304974
454,DE,2013-11,57.60548
455,DE,2013-12,58.83886
456,DE,2014-01,27459.578
457,DE,2014-02,16674.49
458,DE,2014-03,1358.0205
459,DE,2014-04,44.10899
460,DE,2014-05,45.751324
461,DE,2014-06,48.914623
462,DE,2014-07,51.308987
463,DE,2014-08,53.08481
464,DE,2014-09,54.57485
465,DE,2014-10,56.304974
466,DE,2014-11,57.60548
467,DE,2014-12,58.83886
468,DE,2015-01,27459.578
469,DE,2015-02,16674.49
470,DE,2015-03,1358.0205
471,DE,2015-04,44.10899
472,DE,2015-05,45.751324
473,DE,2015-06,48.914623
474,DE,2015-07,51.308987
475,DE,2015-08,53.08481
476,DE,2015-09,54.57485
477,DE,2015-10,56.304974
478,DE,2015-11,57.60548
479,DE,2015-12,58.83886
480,FL,2011-01,15106.328
481,FL,2011-02,37286.047
482,FL,2011-03,30537.977
483,FL,2011-04,54274.742
484,FL,2011-05,61727.98
485,FL,2011-06,16302.394
486,FL,2011-07,8241.479
487,FL,2011-08,4909.387
488,FL,2011-09,4879.37
489,FL,2011-10,235.24681
490,FL,2011-11,1337.3657
491,FL,2011-12,2638.4255
492,FL,2012-01,26716.309
493,FL,2012-02,25504.92
494,FL,2012-03,36805.11
495,FL,2012-04,33457.285
496,FL,2012-05,15953.751
497,FL,2012-06,9866.247
498,FL,2012-07,8631.154
499,FL,2012-08,5806.818
500,FL,2012-09,3624.3281
501,FL,2012-10,731.6939
502,FL,2012-11,2872.0193
503,FL,2012-12,2502.993
504,FL,2013-01,26905.791
505,FL,2013-02,18606.547
506,FL,2013-03,23850.18
507,FL,2013-04,32067.883
508,FL,2013-05,11949.224
509,FL,2013-06,20212.64
510,FL,2013-07,6440.9194
511,FL,2013-08,6750.3447
512,FL,2013-09,4243.2144
513,FL,2013-10,1689.3638
514,FL,2013-11,482.8007
515,FL,2013-12,372.41272
516,FL,2014-01,18757.166
517,FL,2014-02,37583.13
518,FL,2014-03,31020.926
519,FL,2014-04,59637.773
520,FL,2014-05,43306.543
521,FL,2014-06,12288.911
522,FL,2014-07,8189.189
523,FL,2014-08,5674.1895
524,FL,2014-09,3156.9912
525,FL,2014-10,1317.5273
526,FL,2014-11,948.8459
527,FL,2014-12,2766.8357
528,FL,2015-01,51256.777
529,FL,2015-02,16737.451
530,FL,2015-03,44120.195
531,FL,2015-04,31384.143
532,FL,2015-05,74554.98
533,FL,2015-06,36232.59
534,FL,2015-07,10039.272
535,FL,2015-08,6219.228
536,FL,2015-09,4340.1104
537,FL,2015-10,1914.4283
538,FL,2015-11,372.41272
539,FL,2015-12,144.33617
540,GA,2011-01,44166.777
541,GA,2011-02,21317.533
542,GA,2011-03,8617.628
543,GA,2011-04,2901.5242
544,GA,2011-05,810.22437
545,GA,2011-06,510.23224
546,GA,2011-07,465.75113
547,GA,2011-08,456.90445
548,GA,2011-09,469.1762
549,GA,2011-10,477.70093
550,GA,2011-11,475.4167
551,GA,2011-12,477.33707
552,GA,2012-01,44166.777
553,GA,2012-02,21317.533
554,GA,2012-03,8617.628
555,GA,2012-04,2901.5242
556,GA,2012-05,810.22437
557,GA,2012-06,510.23224
558,GA,2012-07,465.75113
559,GA,2012-08,456.90445
560,GA,2012-09,469.1762
561,GA,2012-10,477.70093
562,GA,2012-11,475.4167
563,GA,2012-12,477.33707
564,GA,2013-01,44166.777
565,GA,2013-02,21317.533
566,GA,2013-03,8617.628
567,GA,2013-04,2901.5242
568,GA,2013-05,810.22437
569,GA,2013-06,510.23224
570,GA,2013-07,465.75113
571,GA,2013-08,456.90445
572,GA,2013-09,469.1762
573,GA,2013-10,477.70093
574,GA,2013-11,475.4167
575,GA,2013-12,477.33707
576,GA,2014-01,44166.777
577,GA,2014-02,21317.533
578,GA,2014-03,8617.628
579,GA,2014-04,2901.5242
580,GA,2014-05,810.22437
581,GA,2014-06,510.23224
582,GA,2014-07,465.75113
583,GA,2014-08,456.90445
584,GA,2014-09,469.1762
585,GA,2014-10,477.70093
586,GA,2014-11,475.4167
587,GA,2014-12,477.33707
588,GA,2015-01,44166.777
589,GA,2015-02,21317.533
590,GA,2015-03,8617.628
591,GA,2015-04,2901.5242
592,GA,2015-05,810.22437
593,GA,2015-06,510.23224
594,GA,2015-07,465.75113
595,GA,2015-08,456.90445
596,GA,2015-09,469.1762
597,GA,2015-10,477.70093
598,GA,2015-11,475.4167
599,GA,2015-12,477.33707
600,HI,2011-01,89.194916
601,HI,2011-02,33.395905
602,HI,2011-03,129.02098
603,HI,2011-04,33.8097
604,HI,2011-05,36.439392
605,HI,2011-06,40.296585
606,HI,2011-07,41.64644
607,HI,2011-08,40.017414
608,HI,2011-09,40.17948
609,HI,2011-10,43.67879
610,HI,2011-11,48.15839
611,HI,2011-12,51.127407
612,HI,2012-01,124.76094
613,HI,2012-02,42.83495
614,HI,2012-03,41.61038
615,HI,2012-04,41.20058
616,HI,2012-05,86.515076
617,HI,2012-06,43.46682
618,HI,2012-07,39.46491
619,HI,2012-08,40.97316
620,HI,2012-09,42.679928
621,HI,2012-10,43.25092
622,HI,2012-11,48.097343
623,HI,2012-12,51.046474
624,HI,2013-01,30.00568
625,HI,2013-02,142.3363
626,HI,2013-03,40.997078
627,HI,2013-04,37.02229
628,HI,2013-05,96.90941
629,HI,2013-06,44.24129
630,HI,2013-07,38.862827
631,HI,2013-08,41.517677
632,HI,2013-09,42.47644
633,HI,2013-10,45.150475
634,HI,2013-11,49.097046
635,HI,2013-12,55.979885
636,HI,2014-01,31.489624
637,HI,2014-02,30.70948
638,HI,2014-03,36.473785
639,HI,2014-04,56.35835
640,HI,2014-05,39.990692
641,HI,2014-06,51.331684
642,HI,2014-07,37.489056
643,HI,2014-08,38.862827
644,HI,2014-09,39.351307
645,HI,2014-10,43.629826
646,HI,2014-11,47.934223
647,HI,2014-12,51.596024
648,HI,2015-01,70.56102
649,HI,2015-02,51.658485
650,HI,2015-03,93.58484
651,HI,2015-04,33.47341
652,HI,2015-05,35.97344
653,HI,2015-06,38.792336
654,HI,2015-07,41.477585
655,HI,2015-08,43.905006
656,HI,2015-09,46.018566
657,HI,2015-10,47.730934
658,HI,2015-11,49.29267
659,HI,2015-12,50.750202
660,IA,2011-01,3946.2043
661,IA,2011-02,4512.276
662,IA,2011-03,10174.915
663,IA,2011-04,2242.1765
664,IA,2011-05,338.46826
665,IA,2011-06,45.845146
666,IA,2011-07,172.67233
667,IA,2011-08,41.44648
668,IA,2011-09,860.8674
669,IA,2011-10,1548.1285
670,IA,2011-11,562.2543
671,IA,2011-12,56.41784
672,IA,2012-01,4275.868
673,IA,2012-02,4032.404
674,IA,2012-03,43.161236
675,IA,2012-04,3521.1738
676,IA,2012-05,39.919502
677,IA,2012-06,72.0618
678,IA,2012-07,1306.4807
679,IA,2012-08,93.804245
680,IA,2012-09,627.8119
681,IA,2012-10,635.36584
682,IA,2012-11,54.54417
683,IA,2012-12,56.41784
684,IA,2013-01,27219.438
685,IA,2013-02,4486.1943
686,IA,2013-03,7335.945
687,IA,2013-04,2520.1055
688,IA,2013-05,91.887344
689,IA,2013-06,42.47644
690,IA,2013-07,186.44446
691,IA,2013-08,604.2812
692,IA,2013-09,362.8308
693,IA,2013-10,449.5966
694,IA,2013-11,1066.9148
695,IA,2013-12,1459.3539
696,IA,2014-01,4941.808
697,IA,2014-02,4789.9453
698,IA,2014-03,4448.854
699,IA,2014-04,2665.471
700,IA,2014-05,315.72388
701,IA,2014-06,48.740715
702,IA,2014-07,41.853962
703,IA,2014-08,51.485565
704,IA,2014-09,48.181084
705,IA,2014-10,103.53363
706,IA,2014-11,997.6289
707,IA,2014-12,265.43524
708,IA,2015-01,27219.438
709,IA,2015-02,4823.1465
710,IA,2015-03,8466.666
711,IA,2015-04,4527.2236
712,IA,2015-05,65.17476
713,IA,2015-06,45.959835
714,IA,2015-07,47.98547
715,IA,2015-08,47.934223
716,IA,2015-09,45.538067
717,IA,2015-10,686.39124
718,IA,2015-11,71.31749
719,IA,2015-12,791.5472
720,ID,2011-01,223.22903
721,ID,2011-02,198.61589
722,ID,2011-03,181.29056
723,ID,2011-04,135.71013
724,ID,2011-05,84.4095
725,ID,2011-06,1515.2589
726,ID,2011-07,11985.98
727,ID,2011-08,17036.033
728,ID,2011-09,12802.553
729,ID,2011-10,883.05554
730,ID,2011-11,117.56474
731,ID,2011-12,115.932205
732,ID,2012-01,182.8029
733,ID,2012-02,179.1109
734,ID,2012-03,155.11285
735,ID,2012-04,97.36412
736,ID,2012-05,71.699936
737,ID,2012-06,2957.1729
738,ID,2012-07,18993.703
739,ID,2012-08,26967.924
740,ID,2012-09,12636.142
741,ID,2012-10,153.12453
742,ID,2012-11,103.22537
743,ID,2012-12,111.603775
744,ID,2013-01,209.33134
745,ID,2013-02,159.21913
746,ID,2013-03,130.7243
747,ID,2013-04,107.73563
748,ID,2013-05,460.97845
749,ID,2013-06,10684.951
750,ID,2013-07,66541.42
751,ID,2013-08,16764.418
752,ID,2013-09,3027.8303
753,ID,2013-10,84.51216
754,ID,2013-11,120.714676
755,ID,2013-12,147.84453
756,ID,2014-01,183.0881
757,ID,2014-02,205.79695
758,ID,2014-03,142.3363
759,ID,2014-04,105.49791
760,ID,2014-05,65.30525
761,ID,2014-06,1143.4799
762,ID,2014-07,30903.7
763,ID,2014-08,10638.359
764,ID,2014-09,4478.8296
765,ID,2014-10,784.65784
766,ID,2014-11,124.83305
767,ID,2014-12,122.313126
768,ID,2015-01,190.9318
769,ID,2015-02,148.22038
770,ID,2015-03,109.91928
771,ID,2015-04,85.63701
772,ID,2015-05,84.81682
773,ID,2015-06,24539.77
774,ID,2015-07,17799.727
775,ID,2015-08,44471.727
776,ID,2015-09,8939.358
777,ID,2015-10,2265.1504
778,ID,2015-11,95.93425
779,ID,2015-12,148.57555
780,IL,2011-01,5100.352
781,IL,2011-02,6347.0586
782,IL,2011-03,13011.707
783,IL,2011-04,1236.257
784,IL,2011-05,474.5636
785,IL,2011-06,54.491104
786,IL,2011-07,247.1992
787,IL,2011-08,45.19359
788,IL,2011-09,235.59222
789,IL,2011-10,386.26843
790,IL,2011-11,99.60663
791,IL,2011-12,682.52136
792,IL,2012-01,4748.206
793,IL,2012-02,5096.144
794,IL,2012-03,21553.57
795,IL,2012-04,9761.918
796,IL,2012-05,467.0568
797,IL,2012-06,2332.4473
798,IL,2012-07,395.8854
799,IL,2012-08,58.755104
800,IL,2012-09,225.92278
801,IL,2012-10,289.36737
802,IL,2012-11,1197.0616
803,IL,2012-12,1091.1545
804,IL,2013-01,4833.423
805,IL,2013-02,5568.2495
806,IL,2013-03,5894.2295
807,IL,2013-04,1769.1791
808,IL,2013-05,369.35904
809,IL,2013-06,107.60707
810,IL,2013-07,118.06703
811,IL,2013-08,438.77457
812,IL,2013-09,769.60474
813,IL,2013-10,700.86017
814,IL,2013-11,1176.2395
815,IL,2013-12,1283.1409
816,IL,2014-01,5072.848
817,IL,2014-02,5583.0728
818,IL,2014-03,8989.807
819,IL,2014-04,4344.004
820,IL,2014-05,576.2946
821,IL,2014-06,40.38929
822,IL,2014-07,39.128624
823,IL,2014-08,39.520905
824,IL,2014-09,169.51152
825,IL,2014-10,165.3905
826,IL,2014-11,1368.2097
827,IL,2014-12,1271.0734
828,IL,2015-01,5058.3394
829,IL,2015-02,5593.812
830,IL,2015-03,11055.161
831,IL,2015-04,5965.2344
832,IL,2015-05,446.32858
833,IL,2015-06,42.627926
834,IL,2015-07,37.50945
835,IL,2015-08,40.466812
836,IL,2015-09,43.148518
837,IL,2015-10,908.9384
838,IL,2015-11,94.870224
839,IL,2015-12,36232.59
840,IN,2011-01,26728.123
841,IN,2011-02,18711.373
842,IN,2011-03,4044.1465
843,IN,2011-04,476.06827
844,IN,2011-05,148.91336
845,IN,2011-06,40.667267
846,IN,2011-07,40.3689
847,IN,2011-08,43.86238
848,IN,2011-09,46.33182
849,IN,2011-10,83.042435
850,IN,2011-11,87.2074
851,IN,2011-12,107.455414
852,IN,2012-01,4590.127
853,IN,2012-02,4583.3223
854,IN,2012-03,8293.64
855,IN,2012-04,5578.864
856,IN,2012-05,55.88972
857,IN,2012-06,426.68222
858,IN,2012-07,154.99121
859,IN,2012-08,44.445282
860,IN,2012-09,53.552444
861,IN,2012-10,60.41806
862,IN,2012-11,109.63229
863,IN,2012-12,324.44336
864,IN,2013-01,4572.5825
865,IN,2013-02,1418.6047
866,IN,2013-03,4890.5034
867,IN,2013-04,3740.8586
868,IN,2013-05,93.39693
869,IN,2013-06,45.751324
870,IN,2013-07,40.997078
871,IN,2013-08,42.457245
872,IN,2013-09,47.690754
873,IN,2013-10,72.35071
874,IN,2013-11,104.11688
875,IN,2013-12,1752.0664
876,IN,2014-01,4990.6685
877,IN,2014-02,18711.373
878,IN,2014-03,4044.1465
879,IN,2014-04,1207.2031
880,IN,2014-05,41.579983
881,IN,2014-06,47.916748
882,IN,2014-07,47.028835
883,IN,2014-08,51.188457
884,IN,2014-09,48.290558
885,IN,2014-10,59.958103
886,IN,2014-11,758.8299
887,IN,2014-12,354.09167
888,IN,2015-01,4724.91
889,IN,2015-02,5110.6274
890,IN,2015-03,8204.384
891,IN,2015-04,1123.1598
892,IN,2015-05,46.354523
893,IN,2015-06,47.443893
894,IN,2015-07,47.537712
895,IN,2015-08,46.48909
896,IN,2015-09,45.63996
897,IN,2015-10,161.98497
898,IN,2015-11,1256.0544
899,IN,2015-12,57.33874
900,KS,2011-01,4066.6284
901,KS,2011-02,3852.1565
902,KS,2011-03,7325.5186
903,KS,2011-04,1382.2239
904,KS,2011-05,164.23982
905,KS,2011-06,34.801647
906,KS,2011-07,36.52978
907,KS,2011-08,36.454597
908,KS,2011-09,758.17584
909,KS,2011-10,772.2554
910,KS,2011-11,479.1766
911,KS,2011-12,498.99448
912,KS,2012-01,4557.2417
913,KS,2012-02,5403.3247
914,KS,2012-03,4329.413
915,KS,2012-04,256.0967
916,KS,2012-05,292.6354
917,KS,2012-06,1312.1948
918,KS,2012-07,327.48926
919,KS,2012-08,83.30365
920,KS,2012-09,316.03122
921,KS,2012-10,951.1274
922,KS,2012-11,1224.9647
923,KS,2012-12,1564.3456
924,KS,2013-01,6132.7153
925,KS,2013-02,3559.7712
926,KS,2013-03,8497.395
927,KS,2013-04,2535.1138
928,KS,2013-05,633.36926
929,KS,2013-06,255.4584
930,KS,2013-07,36.454597
931,KS,2013-08,37.664467
932,KS,2013-09,85.40726
933,KS,2013-10,529.52405
934,KS,2013-11,1048.2378
935,KS,2013-12,1417.1805
936,KS,2014-01,4305.885
937,KS,2014-02,3448.7683
938,KS,2014-03,4354.512
939,KS,2014-04,5196.701
940,KS,2014-05,565.01746
941,KS,2014-06,39.562828
942,KS,2014-07,136.57626
943,KS,2014-08,38.279922
944,KS,2014-09,71.79767
945,KS,2014-10,193.23239
946,KS,2014-11,1280.1733
947,KS,2014-12,991.03485
948,KS,2015-01,7859.63
949,KS,2015-02,4301.9497
950,KS,2015-03,11791.724
951,KS,2015-04,1735.7396
952,KS,2015-05,57.674206
953,KS,2015-06,38.632122
954,KS,2015-07,36.239243
955,KS,2015-08,109.55542
956,KS,2015-09,330.086
957,KS,2015-10,569.26654
958,KS,2015-11,117.56474
959,KS,2015-12,540.33044
960,KY,2011-01,3965.7764
961,KY,2011-02,7391.417
962,KY,2011-03,8744.064
963,KY,2011-04,759.5576
964,KY,2011-05,245.46312
965,KY,2011-06,40.863083
966,KY,2011-07,39.9347
967,KY,2011-08,134.86337
968,KY,2011-09,44.414886
969,KY,2011-10,1468.3134
970,KY,2011-11,176.63112
971,KY,2011-12,188.35384
972,KY,2012-01,30874.406
973,KY,2012-02,14007.042
974,KY,2012-03,1870.5436
975,KY,2012-04,5912.608
976,KY,2012-05,96.90941
977,KY,2012-06,1723.3469
978,KY,2012-07,348.94757
979,KY,2012-08,307.62695
980,KY,2012-09,50.606133
981,KY,2012-10,751.2968
982,KY,2012-11,176.63112
983,KY,2012-12,188.35384
984,KY,2013-01,30874.406
985,KY,2013-02,14007.042
986,KY,2013-03,1870.5436
987,KY,2013-04,2860.8835
988,KY,2013-05,285.14304
989,KY,2013-06,38.996326
990,KY,2013-07,41.515965
991,KY,2013-08,44.771564
992,KY,2013-09,306.87466
993,KY,2013-10,502.39066
994,KY,2013-11,86.515076
995,KY,2013-12,188.35384
996,KY,2014-01,30874.406
997,KY,2014-02,14007.042
998,KY,2014-03,1870.5436
999,KY,2014-04,1108.1097
1000,KY,2014-05,70.596924
1001,KY,2014-06,42.180237
1002,KY,2014-07,95.526306
1003,KY,2014-08,44.231285
1004,KY,2014-09,346.44464
1005,KY,2014-10,58.080788
1006,KY,2014-11,80.95422
1007,KY,2014-12,188.35384
1008,KY,2015-01,30874.406
1009,KY,2015-02,14007.042
1010,KY,2015-03,1870.5436
1011,KY,2015-04,967.2035
1012,KY,2015-05,419.1558
1013,KY,2015-06,39.33261
1014,KY,2015-07,44.61069
1015,KY,2015-08,41.291454
1016,KY,2015-09,1006.77625
1017,KY,2015-10,553.27966
1018,KY,2015-11,55.071598
1019,KY,2015-12,188.35384
1020,LA,2011-01,3085.1938
1021,LA,2011-02,20238.17
1022,LA,2011-03,6828.0015
1023,LA,2011-04,1695.9261
1024,LA,2011-05,2440.9915
1025,LA,2011-06,1807.1925
1026,LA,2011-07,407.41937
1027,LA,2011-08,2974.2856
1028,LA,2011-09,3683.106
1029,LA,2011-10,5062.233
1030,LA,2011-11,719.0506
1031,LA,2011-12,550.00385
1032,LA,2012-01,4010.4675
1033,LA,2012-02,13502.988
1034,LA,2012-03,9649.472
1035,LA,2012-04,517.40424
1036,LA,2012-05,761.68695
1037,LA,2012-06,1911.8124
1038,LA,2012-07,1769.8384
1039,LA,2012-08,1463.0123
1040,LA,2012-09,505.0438
1041,LA,2012-10,2186.6433
1042,LA,2012-11,3658.322
1043,LA,2012-12,710.5917
1044,LA,2013-01,4095.621
1045,LA,2013-02,2792.98
1046,LA,2013-03,12482.491
1047,LA,2013-04,3553.8071
1048,LA,2013-05,1067.6423
1049,LA,2013-06,280.65567
1050,LA,2013-07,270.83844
1051,LA,2013-08,793.1354
1052,LA,2013-09,319.48126
1053,LA,2013-10,40.32698
1054,LA,2013-11,630.47296
1055,LA,2013-12,708.29126
1056,LA,2014-01,38031.918
1057,LA,2014-02,12885.649
1058,LA,2014-03,9029.289
1059,LA,2014-04,1040.4877
1060,LA,2014-05,2663.5244
1061,LA,2014-06,46.089684
1062,LA,2014-07,929.2428
1063,LA,2014-08,553.27966
1064,LA,2014-09,626.83325
1065,LA,2014-10,536.0523
1066,LA,2014-11,849.7235
1067,LA,2014-12,646.61176
1068,LA,2015-01,4152.828
1069,LA,2015-02,5033.2407
1070,LA,2015-03,8636.974
1071,LA,2015-04,2768.7825
1072,LA,2015-05,471.82938
1073,LA,2015-06,861.5213
1074,LA,2015-07,1103.311
1075,LA,2015-08,3394.2405
1076,LA,2015-09,3710.821
1077,LA,2015-10,1865.8333
1078,LA,2015-11,319.98236
1079,LA,2015-12,858.9101
1080,MA,2011-01,12128.155
1081,MA,2011-02,673.2768
1082,MA,2011-03,36.371544
1083,MA,2011-04,44.679485
1084,MA,2011-05,46.20148
1085,MA,2011-06,49.41263
1086,MA,2011-07,44.019814
1087,MA,2011-08,53.756725
1088,MA,2011-09,59.747143
1089,MA,2011-10,74.79648
1090,MA,2011-11,59.773853
1091,MA,2011-12,61.233215
1092,MA,2012-01,12128.155
1093,MA,2012-02,673.2768
1094,MA,2012-03,36.371544
1095,MA,2012-04,44.679485
1096,MA,2012-05,49.117916
1097,MA,2012-06,47.006134
1098,MA,2012-07,46.71085
1099,MA,2012-08,52.933594
1100,MA,2012-09,58.653618
1101,MA,2012-10,71.04857
1102,MA,2012-11,59.773853
1103,MA,2012-12,61.233215
1104,MA,2013-01,12128.155
1105,MA,2013-02,673.2768
1106,MA,2013-03,36.371544
1107,MA,2013-04,44.679485
1108,MA,2013-05,44.577583
1109,MA,2013-06,47.52765
1110,MA,2013-07,47.006134
1111,MA,2013-08,53.84956
1112,MA,2013-09,52.971947
1113,MA,2013-10,63.867935
1114,MA,2013-11,59.773853
1115,MA,2013-12,61.233215
1116,MA,2014-01,12128.155
1117,MA,2014-02,673.2768
1118,MA,2014-03,36.371544
1119,MA,2014-04,44.679485
1120,MA,2014-05,50.227097
1121,MA,2014-06,49.351574
1122,MA,2014-07,49.52732
1123,MA,2014-08,53.002316
1124,MA,2014-09,51.71155
1125,MA,2014-10,69.92557
1126,MA,2014-11,59.773853
1127,MA,2014-12,61.233215
1128,MA,2015-01,12128.155
1129,MA,2015-02,673.2768
1130,MA,2015-03,36.371544
1131,MA,2015-04,44.679485
1132,MA,2015-05,45.079277
1133,MA,2015-06,52.391453
1134,MA,2015-07,50.606133
1135,MA,2015-08,49.87499
1136,MA,2015-09,52.933594
1137,MA,2015-10,67.78564
1138,MA,2015-11,59.773853
1139,MA,2015-12,61.233215
1140,MD,2011-01,16957.998
1141,MD,2011-02,5589.9185
1142,MD,2011-03,2518.1587
1143,MD,2011-04,63.99573
1144,MD,2011-05,40.25579
1145,MD,2011-06,39.070305
1146,MD,2011-07,37.903553
1147,MD,2011-08,46.140926
1148,MD,2011-09,56.274605
1149,MD,2011-10,56.797695
1150,MD,2011-11,180.63774
1151,MD,2011-12,58.2774
1152,MD,2012-01,16957.998
1153,MD,2012-02,5589.9185
1154,MD,2012-03,53102.36
1155,MD,2012-04,566.857
1156,MD,2012-05,39.990692
1157,MD,2012-06,38.526543
1158,MD,2012-07,39.505714
1159,MD,2012-08,46.37489
1160,MD,2012-09,47.652405
1161,MD,2012-10,59.16268
1162,MD,2012-11,72.66024
1163,MD,2012-12,58.2774
1164,MD,2013-01,16957.998
1165,MD,2013-02,5589.9185
1166,MD,2013-03,2885.0808
1167,MD,2013-04,631.43604
1168,MD,2013-05,43.07852
1169,MD,2013-06,45.733345
1170,MD,2013-07,44.547184
1171,MD,2013-08,49.52732
1172,MD,2013-09,47.425346
1173,MD,2013-10,57.549713
1174,MD,2013-11,56.768326
1175,MD,2013-12,58.2774
1176,MD,2014-01,16957.998
1177,MD,2014-02,5589.9185
1178,MD,2014-03,53.91061
1179,MD,2014-04,160.38562
1180,MD,2014-05,46.048927
1181,MD,2014-06,43.88462
1182,MD,2014-07,44.547184
1183,MD,2014-08,50.786724
1184,MD,2014-09,50.95448
1185,MD,2014-10,61.814022
1186,MD,2014-11,71.308
1187,MD,2014-12,58.2774
1188,MD,2015-01,16957.998
1189,MD,2015-02,5589.9185
1190,MD,2015-03,53.91061
1191,MD,2015-04,51.485565
1192,MD,2015-05,42.312542
1193,MD,2015-06,45.751324
1194,MD,2015-07,46.260704
1195,MD,2015-08,44.373592
1196,MD,2015-09,48.914623
1197,MD,2015-10,61.986572
1198,MD,2015-11,69.190475
1199,MD,2015-12,58.2774
1200,ME,2011-01,3585.1646
1201,ME,2011-02,2504.6265
1202,ME,2011-03,2754.2864
1203,ME,2011-04,2128.8904
1204,ME,2011-05,60.795277
1205,ME,2011-06,62.40546
1206,ME,2011-07,62.69625
1207,ME,2011-08,64.40567
1208,ME,2011-09,63.7496
1209,ME,2011-10,67.96974
1210,ME,2011-11,706.96747
1211,ME,2011-12,1899.2628
1212,ME,2012-01,3140.7195
1213,ME,2012-02,2989.8271
1214,ME,2012-03,1999.4451
1215,ME,2012-04,971.1862
1216,ME,2012-05,58.808487
1217,ME,2012-06,60.083588
1218,ME,2012-07,62.54757
1219,ME,2012-08,60.38071
1220,ME,2012-09,60.44478
1221,ME,2012-10,68.82254
1222,ME,2012-11,1545.3646
1223,ME,2012-12,1347.1515
1224,ME,2013-01,2887.0278
1225,ME,2013-02,3073.5461
1226,ME,2013-03,2737.331
1227,ME,2013-04,673.7635
1228,ME,2013-05,57.590458
1229,ME,2013-06,61.172478
1230,ME,2013-07,59.561905
1231,ME,2013-08,63.423374
1232,ME,2013-09,62.485474
1233,ME,2013-10,63.768906
1234,ME,2013-11,1670.4991
1235,ME,2013-12,3700.0618
1236,ME,2014-01,3119.262
1237,ME,2014-02,3364.1606
1238,ME,2014-03,3666.1514
1239,ME,2014-04,2158.321
1240,ME,2014-05,61.64777
1241,ME,2014-06,60.795277
1242,ME,2014-07,61.353073
1243,ME,2014-08,61.986572
1244,ME,2014-09,57.971317
1245,ME,2014-10,61.58006
1246,ME,2014-11,61.610416
1247,ME,2014-12,61.693172
1248,ME,2015-01,65.03874
1249,ME,2015-02,45.792576
1250,ME,2015-03,50.259865
1251,ME,2015-04,56.35835
1252,ME,2015-05,61.28661
1253,ME,2015-06,65.46189
1254,ME,2015-07,64.64679
1255,ME,2015-08,65.07944
1256,ME,2015-09,58.98908
1257,ME,2015-10,67.70563
1258,ME,2015-11,61.610416
1259,ME,2015-12,61.693172
1260,MI,2011-01,2516.212
1261,MI,2011-02,4187.0527
1262,MI,2011-03,1211.1174
1263,MI,2011-04,1402.8789
1264,MI,2011-05,47.587967
1265,MI,2011-06,44.3556
1266,MI,2011-07,37.21108
1267,MI,2011-08,44.865482
1268,MI,2011-09,46.44651
1269,MI,2011-10,55.74352
1270,MI,2011-11,69.518326
1271,MI,2011-12,52.300034
1272,MI,2012-01,2516.212
1273,MI,2012-02,1984.4576
1274,MI,2012-03,1019.163
1275,MI,2012-04,1962.0914
1276,MI,2012-05,47.652405
1277,MI,2012-06,42.627926
1278,MI,2012-07,39.46491
1279,MI,2012-08,36.818302
1280,MI,2012-09,49.41263
1281,MI,2012-10,57.786083
1282,MI,2012-11,65.83081
1283,MI,2012-12,52.300034
1284,MI,2013-01,3517.2805
1285,MI,2013-02,1984.4576
1286,MI,2013-03,3920.123
1287,MI,2013-04,185.3147
1288,MI,2013-05,48.443604
1289,MI,2013-06,45.959835
1290,MI,2013-07,41.71228
1291,MI,2013-08,42.068954
1292,MI,2013-09,46.354523
1293,MI,2013-10,57.469616
1294,MI,2013-11,95.79175
1295,MI,2013-12,52.300034
1296,MI,2014-01,2516.212
1297,MI,2014-02,1984.4576
1298,MI,2014-03,1211.1174
1299,MI,2014-04,96.51752
1300,MI,2014-05,50.575447
1301,MI,2014-06,48.62701
1302,MI,2014-07,45.845146
1303,MI,2014-08,51.391743
1304,MI,2014-09,54.340885
1305,MI,2014-10,64.6254
1306,MI,2014-11,52.3531
1307,MI,2014-12,52.300034
1308,MI,2015-01,2516.212
1309,MI,2015-02,1984.4576
1310,MI,2015-03,1211.1174
1311,MI,2015-04,356.0984
1312,MI,2015-05,50.05658
1313,MI,2015-06,51.278618
1314,MI,2015-07,40.17948
1315,MI,2015-08,47.700256
1316,MI,2015-09,49.85229
1317,MI,2015-10,57.43924
1318,MI,2015-11,77.13982
1319,MI,2015-12,71.877975
1320,MN,2011-01,28433.186
1321,MN,2011-02,15056.999
1322,MN,2011-03,9191.849
1323,MN,2011-04,819.3138
1324,MN,2011-05,1084.6339
1325,MN,2011-06,578.6341
1326,MN,2011-07,229.53236
1327,MN,2011-08,356.99582
1328,MN,2011-09,5737.407
1329,MN,2011-10,5743.7896
1330,MN,2011-11,1752.8832
1331,MN,2011-12,477.05722
1332,MN,2012-01,28433.186
1333,MN,2012-02,15056.999
1334,MN,2012-03,9191.849
1335,MN,2012-04,12373.813
1336,MN,2012-05,418.01492
1337,MN,2012-06,1749.0847
1338,MN,2012-07,1287.9916
1339,MN,2012-08,1850.449
1340,MN,2012-09,6129.845
1341,MN,2012-10,3797.0208
1342,MN,2012-11,1188.5839
1343,MN,2012-12,477.05722
1344,MN,2013-01,28433.186
1345,MN,2013-02,15056.999
1346,MN,2013-03,9191.849
1347,MN,2013-04,9679.86
1348,MN,2013-05,2413.2344
1349,MN,2013-06,2551.557
1350,MN,2013-07,3897.8723
1351,MN,2013-08,2911.457
1352,MN,2013-09,3208.4668
1353,MN,2013-10,1168.9915
1354,MN,2013-11,991.03485
1355,MN,2013-12,477.05722
1356,MN,2014-01,28433.186
1357,MN,2014-02,15056.999
1358,MN,2014-03,9191.849
1359,MN,2014-04,97.504654
1360,MN,2014-05,2282.1057
1361,MN,2014-06,1370.204
1362,MN,2014-07,2502.993
1363,MN,2014-08,574.356
1364,MN,2014-09,1514.1768
1365,MN,2014-10,5138.1567
1366,MN,2014-11,474.5636
1367,MN,2014-12,477.05722
1368,MN,2015-01,28433.186
1369,MN,2015-02,15056.999
1370,MN,2015-03,9191.849
1371,MN,2015-04,17062.324
1372,MN,2015-05,541.152
1373,MN,2015-06,26214.945
1374,MN,2015-07,18261.752
1375,MN,2015-08,14120.576
1376,MN,2015-09,18560.156
1377,MN,2015-10,35752.65
1378,MN,2015-11,180747.25
1379,MN,2015-12,477.05722
1380,MO,2011-01,4621.4414
1381,MO,2011-02,6242.084
1382,MO,2011-03,13734.001
1383,MO,2011-04,1272.6376
1384,MO,2011-05,363.61707
1385,MO,2011-06,2028.9816
1386,MO,2011-07,559.9571
1387,MO,2011-08,209.99792
1388,MO,2011-09,611.432
1389,MO,2011-10,755.5749
1390,MO,2011-11,182.8029
1391,MO,2011-12,103.53363
1392,MO,2012-01,4238.296
1393,MO,2012-02,10554.962
1394,MO,2012-03,10899.759
1395,MO,2012-04,2733.437
1396,MO,2012-05,725.1579
1397,MO,2012-06,1063.2515
1398,MO,2012-07,1262.8518
1399,MO,2012-08,2422.6553
1400,MO,2012-09,78.38115
1401,MO,2012-10,724.67114
1402,MO,2012-11,971.7616
1403,MO,2012-12,142.46754
1404,MO,2013-01,4504.911
1405,MO,2013-02,3635.088
1406,MO,2013-03,7733.533
1407,MO,2013-04,2369.6853
1408,MO,2013-05,534.26
1409,MO,2013-06,79.72934
1410,MO,2013-07,163.0447
1411,MO,2013-08,39.696327
1412,MO,2013-09,238.77136
1413,MO,2013-10,561.7573
1414,MO,2013-11,79.954285
1415,MO,2013-12,2092.9915
1416,MO,2014-01,4856.5933
1417,MO,2014-02,7605.6353
1418,MO,2014-03,18157.424
1419,MO,2014-04,4414.944
1420,MO,2014-05,1218.4443
1421,MO,2014-06,40.424896
1422,MO,2014-07,261.00937
1423,MO,2014-08,38.576134
1424,MO,2014-09,143.06206
1425,MO,2014-10,77.013016
1426,MO,2014-11,1971.3857
1427,MO,2014-12,1001.15564
1428,MO,2015-01,4796.6006
1429,MO,2015-02,5092.25
1430,MO,2015-03,16495.973
1431,MO,2015-04,8751.387
1432,MO,2015-05,230.59203
1433,MO,2015-06,82.81944
1434,MO,2015-07,39.051117
1435,MO,2015-08,497.00308
1436,MO,2015-09,140.95078
1437,MO,2015-10,893.255
1438,MO,2015-11,307.31964
1439,MO,2015-12,635.83685
1440,MS,2011-01,6718.4824
1441,MS,2011-02,16989.059
1442,MS,2011-03,18366.578
1443,MS,2011-04,4583.3223
1444,MS,2011-05,3115.3264
1445,MS,2011-06,190.32942
1446,MS,2011-07,303.604
1447,MS,2011-08,492.924
1448,MS,2011-09,364.64288
1449,MS,2011-10,6229.504
1450,MS,2011-11,1120.2665
1451,MS,2011-12,415.2533
1452,MS,2012-01,10426.4795
1453,MS,2012-02,18277.326
1454,MS,2012-03,17186.324
1455,MS,2012-04,9635.863
1456,MS,2012-05,299.61118
1457,MS,2012-06,752.9086
1458,MS,2012-07,146.91415
1459,MS,2012-08,279.73593
1460,MS,2012-09,583.3017
1461,MS,2012-10,895.15424
1462,MS,2012-11,4163.588
1463,MS,2012-12,474.92996
1464,MS,2013-01,9246.0625
1465,MS,2013-02,7422.144
1466,MS,2013-03,20541.861
1467,MS,2013-04,8212.675
1468,MS,2013-05,2845.7178
1469,MS,2013-06,81.243484
1470,MS,2013-07,68.459404
1471,MS,2013-08,743.7769
1472,MS,2013-09,336.16434
1473,MS,2013-10,4715.005
1474,MS,2013-11,1092.1278
1475,MS,2013-12,949.49994
1476,MS,2014-01,18277.326
1477,MS,2014-02,10757.255
1478,MS,2014-03,20899.225
1479,MS,2014-04,7121.892
1480,MS,2014-05,511.72913
1481,MS,2014-06,184.60045
1482,MS,2014-07,270.64078
1483,MS,2014-08,7942.984
1484,MS,2014-09,4372.8896
1485,MS,2014-10,482.1097
1486,MS,2014-11,1735.7396
1487,MS,2014-12,423.4221
1488,MS,2015-01,6349.928
1489,MS,2015-02,8317.252
1490,MS,2015-03,23039.76
1491,MS,2015-04,8361.587
1492,MS,2015-05,1254.7463
1493,MS,2015-06,218.49574
1494,MS,2015-07,85.50992
1495,MS,2015-08,1835.7648
1496,MS,2015-09,4028.742
1497,MS,2015-10,772.2554
1498,MS,2015-11,320.47168
1499,MS,2015-12,200.26439
1500,MT,2011-01,30214.11
1501,MT,2011-02,15717.627
1502,MT,2011-03,133.22299
1503,MT,2011-04,89.149506
1504,MT,2011-05,80.25993
1505,MT,2011-06,4100.539
1506,MT,2011-07,10085.235
1507,MT,2011-08,26048.746
1508,MT,2011-09,12598.459
1509,MT,2011-10,7302.0337
1510,MT,2011-11,9447.429
1511,MT,2011-12,101.653015
1512,MT,2012-01,30214.11
1513,MT,2012-02,15717.627
1514,MT,2012-03,7148.0137
1515,MT,2012-04,562.2543
1516,MT,2012-05,806.6002
1517,MT,2012-06,17605.72
1518,MT,2012-07,76000.15
1519,MT,2012-08,79584.43
1520,MT,2012-09,15953.751
1521,MT,2012-10,2499.099
1522,MT,2012-11,1624.6675
1523,MT,2012-12,955.36633
1524,MT,2013-01,126.68764
1525,MT,2013-02,127.42255
1526,MT,2013-03,100.30876
1527,MT,2013-04,3808.7627
1528,MT,2013-05,829.45807
1529,MT,2013-06,918.46814
1530,MT,2013-07,64363.785
1531,MT,2013-08,61371.973
1532,MT,2013-09,15403.053
1533,MT,2013-10,1079.0557
1534,MT,2013-11,196.89355
1535,MT,2013-12,152.42041
1536,MT,2014-01,147.51627
1537,MT,2014-02,170.8923
1538,MT,2014-03,122.67221
1539,MT,2014-04,1193.1887
1540,MT,2014-05,1903.3345
1541,MT,2014-06,4160.362
1542,MT,2014-07,116867.77
1543,MT,2014-08,603.3606
1544,MT,2014-09,9672.916
1545,MT,2014-10,3343.1545
1546,MT,2014-11,904.02985
1547,MT,2014-12,137.39217
1548,MT,2015-01,142.70494
1549,MT,2015-02,108.86246
1550,MT,2015-03,103.39789
1551,MT,2015-04,279691.94
1552,MT,2015-05,203394.33
1553,MT,2015-06,166906.53
1554,MT,2015-07,148607.98
1555,MT,2015-08,200979.62
1556,MT,2015-09,189743.77
1557,MT,2015-10,4380.594
1558,MT,2015-11,442.0426
1559,MT,2015-12,151.24672
1560,NC,2011-01,3274.7993
1561,NC,2011-02,7830.1978
1562,NC,2011-03,6242.084
1563,NC,2011-04,3897.8723
1564,NC,2011-05,1204.3411
1565,NC,2011-06,106.84412
1566,NC,2011-07,845.1258
1567,NC,2011-08,324.44336
1568,NC,2011-09,41.44648
1569,NC,2011-10,1388.5773
1570,NC,2011-11,251.35953
1571,NC,2011-12,925.988
1572,NC,2012-01,2302.3884
1573,NC,2012-02,8405.962
1574,NC,2012-03,13769.496
1575,NC,2012-04,3374.669
1576,NC,2012-05,115.81055
1577,NC,2012-06,318.35226
1578,NC,2012-07,569.7533
1579,NC,2012-08,44.3048
1580,NC,2012-09,56.651802
1581,NC,2012-10,44.019814
1582,NC,2012-11,696.6793
1583,NC,2012-12,201.31943
1584,NC,2013-01,5724.512
1585,NC,2013-02,4215.813
1586,NC,2013-03,7103.512
1587,NC,2013-04,388.40747
1588,NC,2013-05,33.737595
1589,NC,2013-06,439.96002
1590,NC,2013-07,220.86838
1591,NC,2013-08,38.209442
1592,NC,2013-09,446.12436
1593,NC,2013-10,110.180695
1594,NC,2013-11,737.2565
1595,NC,2013-12,977.9785
1596,NC,2014-01,1830.7302
1597,NC,2014-02,5144.538
1598,NC,2014-03,4961.5503
1599,NC,2014-04,2293.262
1600,NC,2014-05,122.67221
1601,NC,2014-06,122.14259
1602,NC,2014-07,40.997078
1603,NC,2014-08,37.728134
1604,NC,2014-09,37.399376
1605,NC,2014-10,259.6238
1606,NC,2014-11,130.88965
1607,NC,2014-12,115.81055
1608,NC,2015-01,2242.1765
1609,NC,2015-02,5134.2627
1610,NC,2015-03,11460.619
1611,NC,2015-04,334.22943
1612,NC,2015-05,335.01575
1613,NC,2015-06,323.55777
1614,NC,2015-07,38.32255
1615,NC,2015-08,36.98317
1616,NC,2015-09,43.742313
1617,NC,2015-10,43.64041
1618,NC,2015-11,53.062115
1619,NC,2015-12,54.43005
1620,ND,2011-01,28362.186
1621,ND,2011-02,11980.24
1622,ND,2011-03,3994.8313
1623,ND,2011-04,1393.3494
1624,ND,2011-05,241.13928
1625,ND,2011-06,114.86818
1626,ND,2011-07,348.8349
1627,ND,2011-08,2933.4875
1628,ND,2011-09,427.85986
1629,ND,2011-10,3811.674
1630,ND,2011-11,604.2812
1631,ND,2011-12,616.54517
1632,ND,2012-01,28362.186
1633,ND,2012-02,11980.24
1634,ND,2012-03,3994.8313
1635,ND,2012-04,4789.9453
1636,ND,2012-05,589.7148
1637,ND,2012-06,340.51425
1638,ND,2012-07,37.664467
1639,ND,2012-08,4340.1104
1640,ND,2012-09,5212.6743
1641,ND,2012-10,197.57066
1642,ND,2012-11,160.26398
1643,ND,2012-12,616.54517
1644,ND,2013-01,28362.186
1645,ND,2013-02,11980.24
1646,ND,2013-03,3994.8313
1647,ND,2013-04,1393.3494
1648,ND,2013-05,385.28983
1649,ND,2013-06,40.164913
1650,ND,2013-07,432.06967
1651,ND,2013-08,388.40747
1652,ND,2013-09,513.9792
1653,ND,2013-10,284.63403
1654,ND,2013-11,604.2812
1655,ND,2013-12,616.54517
1656,ND,2014-01,28362.186
1657,ND,2014-02,11980.24
1658,ND,2014-03,3994.8313
1659,ND,2014-04,87138.52
1660,ND,2014-05,82216.195
1661,ND,2014-06,33875.59
1662,ND,2014-07,20971.48
1663,ND,2014-08,2585.393
1664,ND,2014-09,4212.1514
1665,ND,2014-10,589.4091
1666,ND,2014-11,604.2812
1667,ND,2014-12,616.54517
1668,ND,2015-01,28362.186
1669,ND,2015-02,11980.24
1670,ND,2015-03,3994.8313
1671,ND,2015-04,8241.479
1672,ND,2015-05,1025.4534
1673,ND,2015-06,42.229324
1674,ND,2015-07,515.36096
1675,ND,2015-08,5762.6313
1676,ND,2015-09,5033.2407
1677,ND,2015-10,589.4091
1678,ND,2015-11,604.2812
1679,ND,2015-12,616.54517
1680,NE,2011-01,6383.839
1681,NE,2011-02,115.115616
1682,NE,2011-03,2433.7493
1683,NE,2011-04,153.61087
1684,NE,2011-05,46.140926
1685,NE,2011-06,39.562828
1686,NE,2011-07,41.833057
1687,NE,2011-08,40.3689
1688,NE,2011-09,240.50096
1689,NE,2011-10,495.53528
1690,NE,2011-11,68.231186
1691,NE,2011-12,101.18422
1692,NE,2012-01,6383.839
1693,NE,2012-02,3485.6719
1694,NE,2012-03,606.7489
1695,NE,2012-04,513.5214
1696,NE,2012-05,39.5401
1697,NE,2012-06,174.89893
1698,NE,2012-07,39.128624
1699,NE,2012-08,211.28648
1700,NE,2012-09,1013.2966
1701,NE,2012-10,603.3606
1702,NE,2012-11,75.26401
1703,NE,2012-12,49.81254
1704,NE,2013-01,3087.8103
1705,NE,2013-02,115.115616
1706,NE,2013-03,2217.9788
1707,NE,2013-04,1295.4955
1708,NE,2013-05,227.40901
1709,NE,2013-06,100.73149
1710,NE,2013-07,56.44084
1711,NE,2013-08,40.270496
1712,NE,2013-09,106.45221
1713,NE,2013-10,58.34513
1714,NE,2013-11,48.13851
1715,NE,2013-12,218.49574
1716,NE,2014-01,6383.839
1717,NE,2014-02,115.115616
1718,NE,2014-03,33.692753
1719,NE,2014-04,843.203
1720,NE,2014-05,87.90474
1721,NE,2014-06,42.25206
1722,NE,2014-07,69.66143
1723,NE,2014-08,43.548824
1724,NE,2014-09,49.85229
1725,NE,2014-10,124.01843
1726,NE,2014-11,48.13851
1727,NE,2014-12,49.81254
1728,NE,2015-01,6383.839
1729,NE,2015-02,115.115616
1730,NE,2015-03,33.692753
1731,NE,2015-04,350.16022
1732,NE,2015-05,44.00741
1733,NE,2015-06,43.23293
1734,NE,2015-07,39.260925
1735,NE,2015-08,39.038246
1736,NE,2015-09,41.779938
1737,NE,2015-10,263.13394
1738,NE,2015-11,48.13851
1739,NE,2015-12,49.81254
1740,NH,2011-01,21359.99
1741,NH,2011-02,11148.393
1742,NH,2011-03,667.71405
1743,NH,2011-04,94.50636
1744,NH,2011-05,49.38226
1745,NH,2011-06,35070.914
1746,NH,2011-07,45.160477
1747,NH,2011-08,53.062115
1748,NH,2011-09,34107.52
1749,NH,2011-10,163.86366
1750,NH,2011-11,268.51746
1751,NH,2011-12,342.20584
1752,NH,2012-01,21359.99
1753,NH,2012-02,11148.393
1754,NH,2012-03,667.71405
1755,NH,2012-04,94.50636
1756,NH,2012-05,44.771564
1757,NH,2012-06,52.737972
1758,NH,2012-07,50.575447
1759,NH,2012-08,48.914623
1760,NH,2012-09,51.893143
1761,NH,2012-10,163.86366
1762,NH,2012-11,268.51746
1763,NH,2012-12,342.20584
1764,NH,2013-01,21359.99
1765,NH,2013-02,11148.393
1766,NH,2013-03,667.71405
1767,NH,2013-04,94.50636
1768,NH,2013-05,35489.555
1769,NH,2013-06,11807.214
1770,NH,2013-07,3320.9043
1771,NH,2013-08,3797.0208
1772,NH,2013-09,4534.928
1773,NH,2013-10,4155.676
1774,NH,2013-11,749.39746
1775,NH,2013-12,547.84515
1776,NH,2014-01,2454.2642
1777,NH,2014-02,2595.3257
1778,NH,2014-03,2737.331
1779,NH,2014-04,942.3098
1780,NH,2014-05,10512.553
1781,NH,2014-06,5983.2983
1782,NH,2014-07,2655.3809
1783,NH,2014-08,7343.2686
1784,NH,2014-09,4118.855
1785,NH,2014-10,54.249462
1786,NH,2014-11,292.81735
1787,NH,2014-12,229.043
1788,NH,2015-01,2513.5955
1789,NH,2015-02,2800.6714
1790,NH,2015-03,2783.948
1791,NH,2015-04,1386.1011
1792,NH,2015-05,317.8433
1793,NH,2015-06,14739.423
1794,NH,2015-07,7521.9917
1795,NH,2015-08,575.0101
1796,NH,2015-09,50.80942
1797,NH,2015-10,69.43321
1798,NH,2015-11,156.87856
1799,NH,2015-12,115.88745
1800,NJ,2011-01,13572.566
1801,NJ,2011-02,4881.6914
1802,NJ,2011-03,2362.443
1803,NJ,2011-04,44.284412
1804,NJ,2011-05,45.39708
1805,NJ,2011-06,41.67036
1806,NJ,2011-07,36.439392
1807,NJ,2011-08,48.537422
1808,NJ,2011-09,52.64655
1809,NJ,2011-10,55.094296
1810,NJ,2011-11,88.2686
1811,NJ,2011-12,82.47098
1812,NJ,2012-01,3943.5254
1813,NJ,2012-02,2697.6548
1814,NJ,2012-03,1366.4983
1815,NJ,2012-04,121.70184
1816,NJ,2012-05,44.7226
1817,NJ,2012-06,42.51653
1818,NJ,2012-07,40.122993
1819,NJ,2012-08,49.585556
1820,NJ,2012-09,51.79932
1821,NJ,2012-10,65.197754
1822,NJ,2012-11,66.68501
1823,NJ,2012-12,98.85086
1824,NJ,2013-01,4243.2144
1825,NJ,2013-02,4961.5503
1826,NJ,2013-03,76.53015
1827,NJ,2013-04,44.129387
1828,NJ,2013-05,43.129322
1829,NJ,2013-06,45.619057
1830,NJ,2013-07,44.019814
1831,NJ,2013-08,52.269352
1832,NJ,2013-09,51.308987
1833,NJ,2013-10,53.200336
1834,NJ,2013-11,67.355385
1835,NJ,2013-12,64.13445
1836,NJ,2014-01,13572.566
1837,NJ,2014-02,4961.5503
1838,NJ,2014-03,76.53015
1839,NJ,2014-04,42.967125
1840,NJ,2014-05,47.117928
1841,NJ,2014-06,46.60855
1842,NJ,2014-07,47.29317
1843,NJ,2014-08,50.43561
1844,NJ,2014-09,49.29267
1845,NJ,2014-10,65.6423
1846,NJ,2014-11,84.63446
1847,NJ,2014-12,75.75737
1848,NJ,2015-01,3019.844
1849,NJ,2015-02,4553.305
1850,NJ,2015-03,3485.6719
1851,NJ,2015-04,47.763706
1852,NJ,2015-05,43.64041
1853,NJ,2015-06,47.21973
1854,NJ,2015-07,44.844578
1855,NJ,2015-08,44.61069
1856,NJ,2015-09,49.47425
1857,NJ,2015-10,59.80423
1858,NJ,2015-11,65.48669
1859,NJ,2015-12,95.526306
1860,NM,2011-01,5640.2793
1861,NM,2011-02,4279.803
1862,NM,2011-03,10386.117
1863,NM,2011-04,8908.676
1864,NM,2011-05,14645.5625
1865,NM,2011-06,19699.797
1866,NM,2011-07,12288.911
1867,NM,2011-08,11485.78
1868,NM,2011-09,6365.4614
1869,NM,2011-10,5473.3887
1870,NM,2011-11,4122.7896
1871,NM,2011-12,2287.8923
1872,NM,2012-01,50171.83
1873,NM,2012-02,28632.121
1874,NM,2012-03,33898.87
1875,NM,2012-04,15743.67
1876,NM,2012-05,11582.57
1877,NM,2012-06,16717.777
1878,NM,2012-07,12577.279
1879,NM,2012-08,11090.409
1880,NM,2012-09,6245.3516
1881,NM,2012-10,7971.9526
1882,NM,2012-11,4684.006
1883,NM,2012-12,4006.2593
1884,NM,2013-01,3165.3665
1885,NM,2013-02,2463.808
1886,NM,2013-03,8317.252
1887,NM,2013-04,6514.4146
1888,NM,2013-05,11939.638
1889,NM,2013-06,20871.086
1890,NM,2013-07,5309.802
1891,NM,2013-08,6533.254
1892,NM,2013-09,3943.5254
1893,NM,2013-10,6189.9214
1894,NM,2013-11,2407.6677
1895,NM,2013-12,3265.7678
1896,NM,2014-01,2991.2405
1897,NM,2014-02,10609.342
1898,NM,2014-03,15011.288
1899,NM,2014-04,8136.9
1900,NM,2014-05,9470.624
1901,NM,2014-06,17349.51
1902,NM,2014-07,8670.422
1903,NM,2014-08,5593.812
1904,NM,2014-09,3512.0483
1905,NM,2014-10,6022.441
1906,NM,2014-11,3789.1914
1907,NM,2014-12,3345.6135
1908,NM,2015-01,1325.2668
1909,NM,2015-02,4187.0527
1910,NM,2015-03,8877.357
1911,NM,2015-04,7807.341
1912,NM,2015-05,5087.332
1913,NM,2015-06,12503.72
1914,NM,2015-07,6847.5967
1915,NM,2015-08,9356.46
1916,NM,2015-09,7406.4854
1917,NM,2015-10,911.5497
1918,NM,2015-11,3302.3574
1919,NM,2015-12,3294.8228
1920,NV,2011-01,173.83922
1921,NV,2011-02,170.78384
1922,NV,2011-03,123.69931
1923,NV,2011-04,98.48897
1924,NV,2011-05,771.9442
1925,NV,2011-06,18442.428
1926,NV,2011-07,28244.963
1927,NV,2011-08,28937.572
1928,NV,2011-09,23850.18
1929,NV,2011-10,1743.0662
1930,NV,2011-11,105.21289
1931,NV,2011-12,129.78673
1932,NV,2012-01,205.23637
1933,NV,2012-02,165.50359
1934,NV,2012-03,129.58339
1935,NV,2012-04,379.89056
1936,NV,2012-05,2246.5823
1937,NV,2012-06,15079.107
1938,NV,2012-07,30874.406
1939,NV,2012-08,26905.791
1940,NV,2012-09,14739.423
1941,NV,2012-10,2141.9312
1942,NV,2012-11,1577.6436
1943,NV,2012-12,109.435745
1944,NV,2013-01,213.10837
1945,NV,2013-02,153.239
1946,NV,2013-03,117.24759
1947,NV,2013-04,315.14566
1948,NV,2013-05,2145.2178
1949,NV,2013-06,32704.895
1950,NV,2013-07,37497.215
1951,NV,2013-08,25504.92
1952,NV,2013-09,5159.3613
1953,NV,2013-10,996.6555
1954,NV,2013-11,100.13626
1955,NV,2013-12,116.38495
1956,NV,2014-01,185.38475
1957,NV,2014-02,163.17621
1958,NV,2014-03,130.88965
1959,NV,2014-04,111.15105
1960,NV,2014-05,3697.7595
1961,NV,2014-06,20887.916
1962,NV,2014-07,28458.99
1963,NV,2014-08,24613.283
1964,NV,2014-09,10203.884
1965,NV,2014-10,1594.5614
1966,NV,2014-11,302.21985
1967,NV,2014-12,111.96568
1968,NV,2015-01,196.78635
1969,NV,2015-02,133.13216
1970,NV,2015-03,98.9117
1971,NV,2015-04,96.57834
1972,NV,2015-05,2452.3171
1973,NV,2015-06,33031.273
1974,NV,2015-07,30786.477
1975,NV,2015-08,24288.158
1976,NV,2015-09,24171.691
1977,NV,2015-10,1537.6045
1978,NV,2015-11,96.57834
1979,NV,2015-12,119.27284
1980,NY,2011-01,7807.341
1981,NY,2011-02,4114.961
1982,NY,2011-03,4684.006
1983,NY,2011-04,33.8097
1984,NY,2011-05,37.285065
1985,NY,2011-06,36.173096
1986,NY,2011-07,32.81534
1987,NY,2011-08,42.433323
1988,NY,2011-09,44.435272
1989,NY,2011-10,52.824123
1990,NY,2011-11,47.784576
1991,NY,2011-12,483.58545
1992,NY,2012-01,7807.341
1993,NY,2012-02,4114.961
1994,NY,2012-03,2068.6785
1995,NY,2012-04,33.8097
1996,NY,2012-05,34.234657
1997,NY,2012-06,36.137497
1998,NY,2012-07,37.187157
1999,NY,2012-08,39.9743
2000,NY,2012-09,40.883476
2001,NY,2012-10,58.392933
2002,NY,2012-11,47.784576
2003,NY,2012-12,49.148285
2004,NY,2013-01,7807.341
2005,NY,2013-02,4114.961
2006,NY,2013-03,145.73325
2007,NY,2013-04,33.8097
2008,NY,2013-05,38.616924
2009,NY,2013-06,37.958843
2010,NY,2013-07,39.623306
2011,NY,2013-08,45.557953
2012,NY,2013-09,39.86119
2013,NY,2013-10,84.92305
2014,NY,2013-11,47.784576
2015,NY,2013-12,49.148285
2016,NY,2014-01,7807.341
2017,NY,2014-02,4114.961
2018,NY,2014-03,145.73325
2019,NY,2014-04,33.8097
2020,NY,2014-05,38.32255
2021,NY,2014-06,39.20381
2022,NY,2014-07,41.465176
2023,NY,2014-08,44.590305
2024,NY,2014-09,64.79053
2025,NY,2014-10,51.504612
2026,NY,2014-11,70.474915
2027,NY,2014-12,49.148285
2028,NY,2015-01,7807.341
2029,NY,2015-02,4114.961
2030,NY,2015-03,145.73325
2031,NY,2015-04,33.8097
2032,NY,2015-05,167.71788
2033,NY,2015-06,40.721092
2034,NY,2015-07,41.70076
2035,NY,2015-08,40.894684
2036,NY,2015-09,43.05934
2037,NY,2015-10,78.03572
2038,NY,2015-11,47.784576
2039,NY,2015-12,49.148285
2040,OH,2011-01,18877.734
2041,OH,2011-02,7830.1978
2042,OH,2011-03,362.1399
2043,OH,2011-04,375.43732
2044,OH,2011-05,41.53686
2045,OH,2011-06,40.296585
2046,OH,2011-07,39.751614
2047,OH,2011-08,44.946484
2048,OH,2011-09,43.629826
2049,OH,2011-10,59.427017
2050,OH,2011-11,50.901413
2051,OH,2011-12,52.3304
2052,OH,2012-01,18877.734
2053,OH,2012-02,7830.1978
2054,OH,2012-03,362.1399
2055,OH,2012-04,3857.3892
2056,OH,2012-05,39.751614
2057,OH,2012-06,35.478928
2058,OH,2012-07,36.59643
2059,OH,2012-08,41.352066
2060,OH,2012-09,44.590305
2061,OH,2012-10,57.73395
2062,OH,2012-11,50.901413
2063,OH,2012-12,52.3304
2064,OH,2013-01,18877.734
2065,OH,2013-02,7830.1978
2066,OH,2013-03,362.1399
2067,OH,2013-04,150.54655
2068,OH,2013-05,398.69565
2069,OH,2013-06,44.885876
2070,OH,2013-07,44.547184
2071,OH,2013-08,42.782326
2072,OH,2013-09,41.833057
2073,OH,2013-10,55.249165
2074,OH,2013-11,50.901413
2075,OH,2013-12,52.3304
2076,OH,2014-01,18877.734
2077,OH,2014-02,7830.1978
2078,OH,2014-03,362.1399
2079,OH,2014-04,71.39043
2080,OH,2014-05,743.7769
2081,OH,2014-06,43.546494
2082,OH,2014-07,43.477135
2083,OH,2014-08,45.937134
2084,OH,2014-09,46.183506
2085,OH,2014-10,54.694393
2086,OH,2014-11,50.901413
2087,OH,2014-12,52.3304
2088,OH,2015-01,18877.734
2089,OH,2015-02,7830.1978
2090,OH,2015-03,362.1399
2091,OH,2015-04,452.00372
2092,OH,2015-05,901.1148
2093,OH,2015-06,41.43496
2094,OH,2015-07,41.904747
2095,OH,2015-08,41.395176
2096,OH,2015-09,46.80235
2097,OH,2015-10,61.134125
2098,OH,2015-11,50.901413
2099,OH,2015-12,52.3304
2100,OK,2011-01,5651.0195
2101,OK,2011-02,7903.84
2102,OK,2011-03,15972.495
2103,OK,2011-04,2705.66
2104,OK,2011-05,298.94928
2105,OK,2011-06,3248.6553
2106,OK,2011-07,2988.3926
2107,OK,2011-08,4504.911
2108,OK,2011-09,3943.5254
2109,OK,2011-10,196.66467
2110,OK,2011-11,187.89653
2111,OK,2011-12,172.86786
2112,OK,2012-01,5317.1265
2113,OK,2012-02,16764.418
2114,OK,2012-03,699.3301
2115,OK,2012-04,100.23187
2116,OK,2012-05,208.92839
2117,OK,2012-06,428.13824
2118,OK,2012-07,2126.4314
2119,OK,2012-08,1273.6112
2120,OK,2012-09,184.31525
2121,OK,2012-10,4845.02
2122,OK,2012-11,202.05803
2123,OK,2012-12,204.3547
2124,OK,2013-01,28046.691
2125,OK,2013-02,11101.802
2126,OK,2013-03,699.3301
2127,OK,2013-04,9089.238
2128,OK,2013-05,2396.5112
2129,OK,2013-06,454.16248
2130,OK,2013-07,581.9101
2131,OK,2013-08,1999.4451
2132,OK,2013-09,576.78125
2133,OK,2013-10,722.20355
2134,OK,2013-11,202.05803
2135,OK,2013-12,204.3547
2136,OK,2014-01,28046.691
2137,OK,2014-02,11101.802
2138,OK,2014-03,699.3301
2139,OK,2014-04,5541.06
2140,OK,2014-05,69.190475
2141,OK,2014-06,36.148857
2142,OK,2014-07,37.637753
2143,OK,2014-08,868.43994
2144,OK,2014-09,660.0373
2145,OK,2014-10,1208.1869
2146,OK,2014-11,202.05803
2147,OK,2014-12,204.3547
2148,OK,2015-01,3509.1372
2149,OK,2015-02,11101.802
2150,OK,2015-03,699.3301
2151,OK,2015-04,229.69191
2152,OK,2015-05,44.078598
2153,OK,2015-06,37.754852
2154,OK,2015-07,43.731415
2155,OK,2015-08,37.600456
2156,OK,2015-09,45.56827
2157,OK,2015-10,497.6547
2158,OK,2015-11,202.05803
2159,OK,2015-12,204.3547
2160,OR,2011-01,95.93425
2161,OR,2011-02,89.25574
2162,OR,2011-03,126.636765
2163,OR,2011-04,107.04744
2164,OR,2011-05,81.42302
2165,OR,2011-06,1656.7413
2166,OR,2011-07,14220.042
2167,OR,2011-08,15491.728
2168,OR,2011-09,13649.597
2169,OR,2011-10,1576.9263
2170,OR,2011-11,87.49744
2171,OR,2011-12,1797.8982
2172,OR,2012-01,141.88835
2173,OR,2012-02,89.25574
2174,OR,2012-03,127.16638
2175,OR,2012-04,90.94844
2176,OR,2012-05,925.26025
2177,OR,2012-06,1272.6376
2178,OR,2012-07,19908.95
2179,OR,2012-08,24772.967
2180,OR,2012-09,10646.147
2181,OR,2012-10,1270.0999
2182,OR,2012-11,133.29509
2183,OR,2012-12,122.721756
2184,OR,2013-01,95.93425
2185,OR,2013-02,89.25574
2186,OR,2013-03,112.25264
2187,OR,2013-04,89.663055
2188,OR,2013-05,732.9627
2189,OR,2013-06,11939.638
2190,OR,2013-07,28895.209
2191,OR,2013-08,14428.945
2192,OR,2013-09,2034.8842
2193,OR,2013-10,505.0438
2194,OR,2013-11,1580.7826
2195,OR,2013-12,1797.8982
2196,OR,2014-01,95.93425
2197,OR,2014-02,89.25574
2198,OR,2014-03,119.368484
2199,OR,2014-04,94.41551
2200,OR,2014-05,799.42596
2201,OR,2014-06,2143.3865
2202,OR,2014-07,21855.406
2203,OR,2014-08,18579.328
2204,OR,2014-09,10182.702
2205,OR,2014-10,1707.1671
2206,OR,2014-11,1580.7826
2207,OR,2014-12,1797.8982
2208,OR,2015-01,95.93425
2209,OR,2015-02,89.25574
2210,OR,2015-03,83.17656
2211,OR,2015-04,83.75638
2212,OR,2015-05,869.685
2213,OR,2015-06,23745.686
2214,OR,2015-07,24404.129
2215,OR,2015-08,33123.2
2216,OR,2015-09,9029.289
2217,OR,2015-10,3006.7825
2218,OR,2015-11,90.72186
2219,OR,2015-12,1797.8982
2220,PA,2011-01,4512.276
2221,PA,2011-02,4909.387
2222,PA,2011-03,3591.4421
2223,PA,2011-04,87.09834
2224,PA,2011-05,108166.64
2225,PA,2011-06,42.872715
2226,PA,2011-07,38.996326
2227,PA,2011-08,46.507065
2228,PA,2011-09,43.016212
2229,PA,2011-10,68.90396
2230,PA,2011-11,79.79016
2231,PA,2011-12,224.13509
2232,PA,2012-01,4467.107
2233,PA,2012-02,4032.404
2234,PA,2012-03,1182.7911
2235,PA,2012-04,2150.7446
2236,PA,2012-05,41.893543
2237,PA,2012-06,37.13939
2238,PA,2012-07,39.128624
2239,PA,2012-08,46.183506
2240,PA,2012-09,45.240147
2241,PA,2012-10,57.32372
2242,PA,2012-11,88.61508
2243,PA,2012-12,55.74352
2244,PA,2013-01,3875.3896
2245,PA,2013-02,6286.5854
2246,PA,2013-03,291.6739
2247,PA,2013-04,41.310646
2248,PA,2013-05,44.373592
2249,PA,2013-06,48.76158
2250,PA,2013-07,47.425346
2251,PA,2013-08,52.768654
2252,PA,2013-09,48.944
2253,PA,2013-10,62.891716
2254,PA,2013-11,87.63274
2255,PA,2013-12,105.49791
2256,PA,2014-01,21157.348
2257,PA,2014-02,6286.5854
2258,PA,2014-03,4051.9749
2259,PA,2014-04,310.8872
2260,PA,2014-05,45.52988
2261,PA,2014-06,46.649796
2262,PA,2014-07,48.3323
2263,PA,2014-08,49.23021
2264,PA,2014-09,45.058887
2265,PA,2014-10,56.236244
2266,PA,2014-11,54.249462
2267,PA,2014-12,55.74352
2268,PA,2015-01,21157.348
2269,PA,2015-02,6286.5854
2270,PA,2015-03,291.6739
2271,PA,2015-04,832.42816
2272,PA,2015-05,4197.4985
2273,PA,2015-06,46.80235
2274,PA,2015-07,44.679485
2275,PA,2015-08,45.22216
2276,PA,2015-09,49.81254
2277,PA,2015-10,69.477615
2278,PA,2015-11,59.32554
2279,PA,2015-12,55.74352
2280,RI,2011-01,1786.1343
2281,RI,2011-02,35.71163
2282,RI,2011-03,48.181084
2283,RI,2011-04,54.226765
2284,RI,2011-05,56.994312
2285,RI,2011-06,58.13417
2286,RI,2011-07,50.720818
2287,RI,2011-08,63.483074
2288,RI,2011-09,69.43321
2289,RI,2011-10,71.49652
2290,RI,2011-11,67.26106
2291,RI,2011-12,68.723526
2292,RI,2012-01,1786.1343
2293,RI,2012-02,35.71163
2294,RI,2012-03,48.181084
2295,RI,2012-04,54.226765
2296,RI,2012-05,57.81645
2297,RI,2012-06,54.54417
2298,RI,2012-07,54.755436
2299,RI,2012-08,59.592278
2300,RI,2012-09,65.6423
2301,RI,2012-10,72.90436
2302,RI,2012-11,67.26106
2303,RI,2012-12,68.723526
2304,RI,2013-01,1786.1343
2305,RI,2013-02,35.71163
2306,RI,2013-03,48.181084
2307,RI,2013-04,54.226765
2308,RI,2013-05,54.37923
2309,RI,2013-06,54.98383
2310,RI,2013-07,53.69933
2311,RI,2013-08,63.120934
2312,RI,2013-09,59.99985
2313,RI,2013-10,67.620514
2314,RI,2013-11,67.26106
2315,RI,2013-12,68.723526
2316,RI,2014-01,1786.1343
2317,RI,2014-02,35.71163
2318,RI,2014-03,48.181084
2319,RI,2014-04,54.226765
2320,RI,2014-05,57.469616
2321,RI,2014-06,60.335308
2322,RI,2014-07,60.61468
2323,RI,2014-08,61.549683
2324,RI,2014-09,60.856014
2325,RI,2014-10,75.630554
2326,RI,2014-11,67.26106
2327,RI,2014-12,68.723526
2328,RI,2015-01,1786.1343
2329,RI,2015-02,35.71163
2330,RI,2015-03,48.181084
2331,RI,2015-04,54.226765
2332,RI,2015-05,55.071598
2333,RI,2015-06,59.917355
2334,RI,2015-07,56.96394
2335,RI,2015-08,58.48836
2336,RI,2015-09,59.427017
2337,RI,2015-10,79.137695
2338,RI,2015-11,67.26106
2339,RI,2015-12,68.723526
2340,SC,2011-01,6394.7676
2341,SC,2011-02,20569.248
2342,SC,2011-03,12463.116
2343,SC,2011-04,6815.735
2344,SC,2011-05,4687.7744
2345,SC,2011-06,522.5039
2346,SC,2011-07,1341.3273
2347,SC,2011-08,650.79266
2348,SC,2011-09,44.060036
2349,SC,2011-10,717.2556
2350,SC,2011-11,608.15625
2351,SC,2011-12,705.1383
2352,SC,2012-01,7492.685
2353,SC,2012-02,21545.857
2354,SC,2012-03,14728.026
2355,SC,2012-04,6239.2153
2356,SC,2012-05,201.65506
2357,SC,2012-06,3277.8672
2358,SC,2012-07,466.76904
2359,SC,2012-08,42.721848
2360,SC,2012-09,536.4555
2361,SC,2012-10,291.17944
2362,SC,2012-11,1661.2255
2363,SC,2012-12,108.21117
2364,SC,2013-01,17621.299
2365,SC,2013-02,9926.53
2366,SC,2013-03,17125.283
2367,SC,2013-04,3497.332
2368,SC,2013-05,482.76385
2369,SC,2013-06,44.751175
2370,SC,2013-07,46.741222
2371,SC,2013-08,41.976257
2372,SC,2013-09,57.371525
2373,SC,2013-10,2652.9216
2374,SC,2013-11,986.1998
2375,SC,2013-12,199.08302
2376,SC,2014-01,5078.0806
2377,SC,2014-02,22516.963
2378,SC,2014-03,16361.258
2379,SC,2014-04,6341.826
2380,SC,2014-05,1141.8948
2381,SC,2014-06,264.53912
2382,SC,2014-07,344.08188
2383,SC,2014-08,162.10667
2384,SC,2014-09,65.604
2385,SC,2014-10,549.14294
2386,SC,2014-11,805.234
2387,SC,2014-12,374.50308
2388,SC,2015-01,5521.7827
2389,SC,2015-02,7315.179
2390,SC,2015-03,19129.35
2391,SC,2015-04,4344.004
2392,SC,2015-05,3672.661
2393,SC,2015-06,522.01715
2394,SC,2015-07,486.39572
2395,SC,2015-08,118.01749
2396,SC,2015-09,44.640594
2397,SC,2015-10,55.071598
2398,SC,2015-11,79.500565
2399,SC,2015-12,71.53722
2400,SD,2011-01,10242.988
2401,SD,2011-02,4069.54
2402,SD,2011-03,1000.48584
2403,SD,2011-04,2217.9788
2404,SD,2011-05,390.2195
2405,SD,2011-06,80.66727
2406,SD,2011-07,461.829
2407,SD,2011-08,3098.4463
2408,SD,2011-09,6856.8438
2409,SD,2011-10,6841.7754
2410,SD,2011-11,562.7462
2411,SD,2011-12,577.14514
2412,SD,2012-01,10242.988
2413,SD,2012-02,4069.54
2414,SD,2012-03,1000.48584
2415,SD,2012-04,219.56532
2416,SD,2012-05,325.85907
2417,SD,2012-06,7488.0815
2418,SD,2012-07,7477.4917
2419,SD,2012-08,35938.016
2420,SD,2012-09,8728.406
2421,SD,2012-10,4261.1523
2422,SD,2012-11,1269.1266
2423,SD,2012-12,816.0328
2424,SD,2013-01,10242.988
2425,SD,2013-02,4069.54
2426,SD,2013-03,1000.48584
2427,SD,2013-04,9424.282
2428,SD,2013-05,768.0353
2429,SD,2013-06,197.83154
2430,SD,2013-07,401.3489
2431,SD,2013-08,1359.25
2432,SD,2013-09,3994.8313
2433,SD,2013-10,763.7965
2434,SD,2013-11,562.7462
2435,SD,2013-12,577.14514
2436,SD,2014-01,10242.988
2437,SD,2014-02,4069.54
2438,SD,2014-03,3374.3733
2439,SD,2014-04,817.37506
2440,SD,2014-05,1941.692
2441,SD,2014-06,41.71228
2442,SD,2014-07,6553.5566
2443,SD,2014-08,44.060036
2444,SD,2014-09,768.6894
2445,SD,2014-10,1957.7164
2446,SD,2014-11,562.7462
2447,SD,2014-12,577.14514
2448,SD,2015-01,10242.988
2449,SD,2015-02,4069.54
2450,SD,2015-03,1000.48584
2451,SD,2015-04,5873.928
2452,SD,2015-05,387.59372
2453,SD,2015-06,40.57759
2454,SD,2015-07,38.996326
2455,SD,2015-08,600.10034
2456,SD,2015-09,2375.484
2457,SD,2015-10,8338.606
2458,SD,2015-11,562.7462
2459,SD,2015-12,577.14514
2460,TN,2011-01,4740.104
2461,TN,2011-02,18684.156
2462,TN,2011-03,6383.839
2463,TN,2011-04,790.181
2464,TN,2011-05,386.26843
2465,TN,2011-06,43.731415
2466,TN,2011-07,278.33078
2467,TN,2011-08,2136.217
2468,TN,2011-09,272.29053
2469,TN,2011-10,670.85144
2470,TN,2011-11,83.98613
2471,TN,2011-12,298.2166
2472,TN,2012-01,3666.1514
2473,TN,2012-02,5833.882
2474,TN,2012-03,8000.629
2475,TN,2012-04,7521.9917
2476,TN,2012-05,811.19775
2477,TN,2012-06,5169.6377
2478,TN,2012-07,379.00497
2479,TN,2012-08,228.1272
2480,TN,2012-09,122.3531
2481,TN,2012-10,79.669495
2482,TN,2012-11,1006.04846
2483,TN,2012-12,104.22858
2484,TN,2013-01,3394.2405
2485,TN,2013-02,4421.391
2486,TN,2013-03,5796.078
2487,TN,2013-04,1088.2345
2488,TN,2013-05,429.109
2489,TN,2013-06,38.97993
2490,TN,2013-07,41.976257
2491,TN,2013-08,274.35242
2492,TN,2013-09,296.82983
2493,TN,2013-10,1214.7072
2494,TN,2013-11,110.99725
2495,TN,2013-12,858.51215
2496,TN,2014-01,4187.0527
2497,TN,2014-02,6587.468
2498,TN,2014-03,14398.808
2499,TN,2014-04,2956.9531
2500,TN,2014-05,445.18777
2501,TN,2014-06,40.13819
2502,TN,2014-07,45.295177
2503,TN,2014-08,45.56827
2504,TN,2014-09,848.7657
2505,TN,2014-10,67.12956
2506,TN,2014-11,1027.6769
2507,TN,2014-12,85.22609
2508,TN,2015-01,4388.191
2509,TN,2015-02,4078.057
2510,TN,2015-03,6938.2744
2511,TN,2015-04,8534.613
2512,TN,2015-05,280.47382
2513,TN,2015-06,39.407795
2514,TN,2015-07,39.696327
2515,TN,2015-08,406.73633
2516,TN,2015-09,732.534
2517,TN,2015-10,519.2359
2518,TN,2015-11,56.6171
2519,TN,2015-12,350.40356
2520,TX,2011-01,18636.008
2521,TX,2011-02,77910.53
2522,TX,2011-03,38817.81
2523,TX,2011-04,22228.842
2524,TX,2011-05,7432.7334
2525,TX,2011-06,7733.533
2526,TX,2011-07,7950.3076
2527,TX,2011-08,8338.606
2528,TX,2011-09,6548.638
2529,TX,2011-10,4657.7993
2530,TX,2011-11,4949.952
2531,TX,2011-12,3497.332
2532,TX,2012-01,31269.43
2533,TX,2012-02,6600.926
2534,TX,2012-03,6961.8857
2535,TX,2012-04,13649.597
2536,TX,2012-05,4332.0923
2537,TX,2012-06,4507.8228
2538,TX,2012-07,3700.0618
2539,TX,2012-08,5174.555
2540,TX,2012-09,3266.2197
2541,TX,2012-10,6373.099
2542,TX,2012-11,6360.543
2543,TX,2012-12,4744.312
2544,TX,2013-01,51848.438
2545,TX,2013-02,48455.035
2546,TX,2013-03,60770.812
2547,TX,2013-04,9327.492
2548,TX,2013-05,5047.7485
2549,TX,2013-06,7686.603
2550,TX,2013-07,3077.5972
2551,TX,2013-08,5556.008
2552,TX,2013-09,2016.3162
2553,TX,2013-10,2825.1003
2554,TX,2013-11,4467.107
2555,TX,2013-12,4384.4873
2556,TX,2014-01,56665.395
2557,TX,2014-02,48223.09
2558,TX,2014-03,30054.52
2559,TX,2014-04,17527.186
2560,TX,2014-05,3931.8655
2561,TX,2014-06,3403.3665
2562,TX,2014-07,6721.036
2563,TX,2014-08,3923.954
2564,TX,2014-09,2360.4963
2565,TX,2014-10,3000.4297
2566,TX,2014-11,3128.3884
2567,TX,2014-12,4245.8926
2568,TX,2015-01,5907.8384
2569,TX,2015-02,15173.221
2570,TX,2015-03,4160.362
2571,TX,2015-04,3634.4795
2572,TX,2015-05,2730.8213
2573,TX,2015-06,3145.406
2574,TX,2015-07,4703.747
2575,TX,2015-08,5507.6133
2576,TX,2015-09,3210.9248
2577,TX,2015-10,1708.9669
2578,TX,2015-11,2429.835
2579,TX,2015-12,3998.6624
2580,UT,2011-01,108.37694
2581,UT,2011-02,100.899216
2582,UT,2011-03,175.34764
2583,UT,2011-04,138.24875
2584,UT,2011-05,123.7738
2585,UT,2011-06,536.4555
2586,UT,2011-07,1229.7366
2587,UT,2011-08,9659.309
2588,UT,2011-09,3045.988
2589,UT,2011-10,86.619354
2590,UT,2011-11,1209.1604
2591,UT,2011-12,1800.0227
2592,UT,2012-01,217.26865
2593,UT,2012-02,219.719
2594,UT,2012-03,94.46094
2595,UT,2012-04,91.12918
2596,UT,2012-05,93.804245
2597,UT,2012-06,4504.911
2598,UT,2012-07,15685.054
2599,UT,2012-08,16406.973
2600,UT,2012-09,529.52405
2601,UT,2012-10,73.10718
2602,UT,2012-11,139.21718
2603,UT,2012-12,1800.0227
2604,UT,2013-01,108.37694
2605,UT,2013-02,100.899216
2606,UT,2013-03,94.46094
2607,UT,2013-04,103.89751
2608,UT,2013-05,94.50636
2609,UT,2013-06,19177.496
2610,UT,2013-07,16166.752
2611,UT,2013-08,3045.988
2612,UT,2013-09,167.05261
2613,UT,2013-10,913.83124
2614,UT,2013-11,1209.1604
2615,UT,2013-12,1800.0227
2616,UT,2014-01,222.73973
2617,UT,2014-02,100.899216
2618,UT,2014-03,94.46094
2619,UT,2014-04,128.61302
2620,UT,2014-05,88.02464
2621,UT,2014-06,593.58984
2622,UT,2014-07,2711.1868
2623,UT,2014-08,73.77855
2624,UT,2014-09,379.89056
2625,UT,2014-10,85.04176
2626,UT,2014-11,1209.1604
2627,UT,2014-12,1800.0227
2628,UT,2015-01,108.37694
2629,UT,2015-02,100.899216
2630,UT,2015-03,94.46094
2631,UT,2015-04,88.67592
2632,UT,2015-05,88.55426
2633,UT,2015-06,7783.73
2634,UT,2015-07,2304.8477
2635,UT,2015-08,2372.0818
2636,UT,2015-09,446.81537
2637,UT,2015-10,534.6238
2638,UT,2015-11,1209.1604
2639,UT,2015-12,1800.0227
2640,VA,2011-01,20955.904
2641,VA,2011-02,7315.179
2642,VA,2011-03,2619.5234
2643,VA,2011-04,689.0419
2644,VA,2011-05,136.08792
2645,VA,2011-06,33.925888
2646,VA,2011-07,953.0847
2647,VA,2011-08,43.005013
2648,VA,2011-09,44.98777
2649,VA,2011-10,69.25419
2650,VA,2011-11,44.691887
2651,VA,2011-12,46.507065
2652,VA,2012-01,20955.904
2653,VA,2012-02,7315.179
2654,VA,2012-03,771.5857
2655,VA,2012-04,180.83717
2656,VA,2012-05,106.08835
2657,VA,2012-06,3485.6719
2658,VA,2012-07,38.37967
2659,VA,2012-08,39.842003
2660,VA,2012-09,41.36327
2661,VA,2012-10,42.967125
2662,VA,2012-11,44.691887
2663,VA,2012-12,46.507065
2664,VA,2013-01,20955.904
2665,VA,2013-02,7315.179
2666,VA,2013-03,771.5857
2667,VA,2013-04,180.83717
2668,VA,2013-05,42.589546
2669,VA,2013-06,37.335854
2670,VA,2013-07,38.37967
2671,VA,2013-08,39.842003
2672,VA,2013-09,41.36327
2673,VA,2013-10,42.967125
2674,VA,2013-11,44.691887
2675,VA,2013-12,46.507065
2676,VA,2014-01,20955.904
2677,VA,2014-02,7315.179
2678,VA,2014-03,771.5857
2679,VA,2014-04,180.83717
2680,VA,2014-05,42.589546
2681,VA,2014-06,37.335854
2682,VA,2014-07,38.37967
2683,VA,2014-08,39.842003
2684,VA,2014-09,41.36327
2685,VA,2014-10,42.967125
2686,VA,2014-11,44.691887
2687,VA,2014-12,46.507065
2688,VA,2015-01,20955.904
2689,VA,2015-02,7315.179
2690,VA,2015-03,771.5857
2691,VA,2015-04,180.83717
2692,VA,2015-05,42.589546
2693,VA,2015-06,37.335854
2694,VA,2015-07,38.37967
2695,VA,2015-08,39.842003
2696,VA,2015-09,41.36327
2697,VA,2015-10,42.967125
2698,VA,2015-11,44.691887
2699,VA,2015-12,46.507065
2700,VT,2011-01,52.3304
2701,VT,2011-02,56.682175
2702,VT,2011-03,60.184086
2703,VT,2011-04,66.15706
2704,VT,2011-05,69.21348
2705,VT,2011-06,70.51083
2706,VT,2011-07,70.18968
2707,VT,2011-08,69.35658
2708,VT,2011-09,68.784225
2709,VT,2011-10,68.415306
2710,VT,2011-11,67.96974
2711,VT,2011-12,67.559814
2712,VT,2012-01,52.3304
2713,VT,2012-02,56.682175
2714,VT,2012-03,60.184086
2715,VT,2012-04,66.15706
2716,VT,2012-05,69.21348
2717,VT,2012-06,70.51083
2718,VT,2012-07,70.18968
2719,VT,2012-08,69.35658
2720,VT,2012-09,68.784225
2721,VT,2012-10,68.415306
2722,VT,2012-11,67.96974
2723,VT,2012-12,67.559814
2724,VT,2013-01,52.3304
2725,VT,2013-02,56.682175
2726,VT,2013-03,60.184086
2727,VT,2013-04,66.15706
2728,VT,2013-05,69.21348
2729,VT,2013-06,70.51083
2730,VT,2013-07,70.18968
2731,VT,2013-08,69.35658
2732,VT,2013-09,68.784225
2733,VT,2013-10,68.415306
2734,VT,2013-11,67.96974
2735,VT,2013-12,67.559814
2736,VT,2014-01,52.3304
2737,VT,2014-02,56.682175
2738,VT,2014-03,60.184086
2739,VT,2014-04,66.15706
2740,VT,2014-05,69.21348
2741,VT,2014-06,70.51083
2742,VT,2014-07,70.18968
2743,VT,2014-08,69.35658
2744,VT,2014-09,68.784225
2745,VT,2014-10,68.415306
2746,VT,2014-11,67.96974
2747,VT,2014-12,67.559814
2748,VT,2015-01,52.3304
2749,VT,2015-02,56.682175
2750,VT,2015-03,60.184086
2751,VT,2015-04,66.15706
2752,VT,2015-05,69.21348
2753,VT,2015-06,70.51083
2754,VT,2015-07,70.18968
2755,VT,2015-08,69.35658
2756,VT,2015-09,68.784225
2757,VT,2015-10,68.415306
2758,VT,2015-11,67.96974
2759,VT,2015-12,67.559814
2760,WA,2011-01,1540.2892
2761,WA,2011-02,1876.562
2762,WA,2011-03,2362.443
2763,WA,2011-04,364.25928
2764,WA,2011-05,1325.2668
2765,WA,2011-06,4979.9272
2766,WA,2011-07,7380.363
2767,WA,2011-08,28999.703
2768,WA,2011-09,6658.133
2769,WA,2011-10,1717.4758
2770,WA,2011-11,136.08792
2771,WA,2011-12,4426.309
2772,WA,2012-01,2993.6997
2773,WA,2012-02,1876.562
2774,WA,2012-03,2362.443
2775,WA,2012-04,1025.4534
2776,WA,2012-05,4789.9453
2777,WA,2012-06,1929.9911
2778,WA,2012-07,12420.455
2779,WA,2012-08,48791.13
2780,WA,2012-09,6360.543
2781,WA,2012-10,992.9921
2782,WA,2012-11,4400.2275
2783,WA,2012-12,4426.309
2784,WA,2013-01,1765.1387
2785,WA,2013-02,1876.562
2786,WA,2013-03,486.87463
2787,WA,2013-04,921.73346
2788,WA,2013-05,3167.8254
2789,WA,2013-06,4025.831
2790,WA,2013-07,84064.3
2791,WA,2013-08,7349.7197
2792,WA,2013-09,3140.7195
2793,WA,2013-10,907.69305
2794,WA,2013-11,4400.2275
2795,WA,2013-12,4426.309
2796,WA,2014-01,2993.6997
2797,WA,2014-02,1876.562
2798,WA,2014-03,1054.8317
2799,WA,2014-04,378.43454
2800,WA,2014-05,4860.5283
2801,WA,2014-06,4362.067
2802,WA,2014-07,47323.52
2803,WA,2014-08,53376.152
2804,WA,2014-09,4623.888
2805,WA,2014-10,758.17584
2806,WA,2014-11,4400.2275
2807,WA,2014-12,4426.309
2808,WA,2015-01,2993.6997
2809,WA,2015-02,1876.562
2810,WA,2015-03,2362.443
2811,WA,2015-04,1552.6443
2812,WA,2015-05,4418.4805
2813,WA,2015-06,68929.375
2814,WA,2015-07,78082.38
2815,WA,2015-08,62801.754
2816,WA,2015-09,3377.285
2817,WA,2015-10,218.085
2818,WA,2015-11,4400.2275
2819,WA,2015-12,4426.309
2820,WI,2011-01,1267.3364
2821,WI,2011-02,187.01877
2822,WI,2011-03,29.675823
2823,WI,2011-04,30.724922
2824,WI,2011-05,31.824566
2825,WI,2011-06,30.28681
2826,WI,2011-07,33.63536
2827,WI,2011-08,38.847633
2828,WI,2011-09,275.06665
2829,WI,2011-10,39.9347
2830,WI,2011-11,48.944
2831,WI,2011-12,76.63156
2832,WI,2012-01,1267.3364
2833,WI,2012-02,187.01877
2834,WI,2012-03,29.675823
2835,WI,2012-04,30.724922
2836,WI,2012-05,31.824566
2837,WI,2012-06,33.197166
2838,WI,2012-07,34.376495
2839,WI,2012-08,35.448364
2840,WI,2012-09,36.760483
2841,WI,2012-10,39.9347
2842,WI,2012-11,48.944
2843,WI,2012-12,76.63156
2844,WI,2013-01,1267.3364
2845,WI,2013-02,187.01877
2846,WI,2013-03,29.675823
2847,WI,2013-04,30.724922
2848,WI,2013-05,31.824566
2849,WI,2013-06,33.197166
2850,WI,2013-07,34.376495
2851,WI,2013-08,35.448364
2852,WI,2013-09,36.760483
2853,WI,2013-10,39.9347
2854,WI,2013-11,48.944
2855,WI,2013-12,76.63156
2856,WI,2014-01,1267.3364
2857,WI,2014-02,187.01877
2858,WI,2014-03,29.675823
2859,WI,2014-04,30.724922
2860,WI,2014-05,31.824566
2861,WI,2014-06,33.197166
2862,WI,2014-07,34.376495
2863,WI,2014-08,35.448364
2864,WI,2014-09,36.760483
2865,WI,2014-10,39.9347
2866,WI,2014-11,48.944
2867,WI,2014-12,76.63156
2868,WI,2015-01,1267.3364
2869,WI,2015-02,187.01877
2870,WI,2015-03,29.675823
2871,WI,2015-04,30.724922
2872,WI,2015-05,31.824566
2873,WI,2015-06,33.197166
2874,WI,2015-07,34.376495
2875,WI,2015-08,35.448364
2876,WI,2015-09,36.760483
2877,WI,2015-10,39.9347
2878,WI,2015-11,48.944
2879,WI,2015-12,76.63156
2880,WV,2011-01,4426.309
2881,WV,2011-02,539.72345
2882,WV,2011-03,42.158142
2883,WV,2011-04,50.16787
2884,WV,2011-05,53.200336
2885,WV,2011-06,54.31051
2886,WV,2011-07,55.768612
2887,WV,2011-08,56.877796
2888,WV,2011-09,57.971317
2889,WV,2011-10,59.019447
2890,WV,2011-11,59.917355
2891,WV,2011-12,60.741894
2892,WV,2012-01,4426.309
2893,WV,2012-02,539.72345
2894,WV,2012-03,42.158142
2895,WV,2012-04,50.16787
2896,WV,2012-05,53.200336
2897,WV,2012-06,54.31051
2898,WV,2012-07,55.768612
2899,WV,2012-08,56.877796
2900,WV,2012-09,57.971317
2901,WV,2012-10,59.019447
2902,WV,2012-11,59.917355
2903,WV,2012-12,60.741894
2904,WV,2013-01,4426.309
2905,WV,2013-02,539.72345
2906,WV,2013-03,42.158142
2907,WV,2013-04,50.16787
2908,WV,2013-05,53.200336
2909,WV,2013-06,4881.6914
2910,WV,2013-07,21631.178
2911,WV,2013-08,24772.967
2912,WV,2013-09,8196.976
2913,WV,2013-10,92.87448
2914,WV,2013-11,59.917355
2915,WV,2013-12,81.652756
2916,WV,2014-01,4426.309
2917,WV,2014-02,539.72345
2918,WV,2014-03,351.04578
2919,WV,2014-04,50.16787
2920,WV,2014-05,59.283787
2921,WV,2014-06,64.055435
2922,WV,2014-07,228.46873
2923,WV,2014-08,7456.683
2924,WV,2014-09,13067.885
2925,WV,2014-10,59.019447
2926,WV,2014-11,119.7771
2927,WV,2014-12,60.741894
2928,WV,2015-01,4426.309
2929,WV,2015-02,539.72345
2930,WV,2015-03,42.158142
2931,WV,2015-04,50.16787
2932,WV,2015-05,53.200336
2933,WV,2015-06,5857.0527
2934,WV,2015-07,774.6106
2935,WV,2015-08,7482.7236
2936,WV,2015-09,2812.5513
2937,WV,2015-10,60.335308
2938,WV,2015-11,92.45999
2939,WV,2015-12,73.006775
2940,WY,2011-01,76.65695
2941,WY,2011-02,222.4088
2942,WY,2011-03,62.92446
2943,WY,2011-04,135.46747
2944,WY,2011-05,126.80928
2945,WY,2011-06,53.08481
2946,WY,2011-07,7499.1353
2947,WY,2011-08,3585.1646
2948,WY,2011-09,1489.8632
2949,WY,2011-10,83.17656
2950,WY,2011-11,3803.5925
2951,WY,2011-12,4893.414
2952,WY,2012-01,155.36703
2953,WY,2012-02,69.45799
2954,WY,2012-03,109.63229
2955,WY,2012-04,87.09834
2956,WY,2012-05,63.829613
2957,WY,2012-06,5328.18
2958,WY,2012-07,12158.379
2959,WY,2012-08,12195.048
2960,WY,2012-09,4669.8354
2961,WY,2012-10,142.3363
2962,WY,2012-11,113.40752
2963,WY,2012-12,4893.414
2964,WY,2013-01,171.7526
2965,WY,2013-02,69.45799
2966,WY,2013-03,62.92446
2967,WY,2013-04,141.07175
2968,WY,2013-05,85.98349
2969,WY,2013-06,795.1869
2970,WY,2013-07,410.32364
2971,WY,2013-08,3268.6785
2972,WY,2013-09,110.539764
2973,WY,2013-10,1894.7096
2974,WY,2013-11,3803.5925
2975,WY,2013-12,4893.414
2976,WY,2014-01,76.65695
2977,WY,2014-02,69.45799
2978,WY,2014-03,62.92446
2979,WY,2014-04,57.492626
2980,WY,2014-05,35.21312
2981,WY,2014-06,59.12991
2982,WY,2014-07,6113.998
2983,WY,2014-08,615.6708
2984,WY,2014-09,638.13416
2985,WY,2014-10,1894.7096
2986,WY,2014-11,3803.5925
2987,WY,2014-12,4893.414
2988,WY,2015-01,76.65695
2989,WY,2015-02,69.45799
2990,WY,2015-03,62.92446
2991,WY,2015-04,57.492626
2992,WY,2015-05,121.076584
2993,WY,2015-06,1418.1227
2994,WY,2015-07,959.04535
2995,WY,2015-08,3056.5906
2996,WY,2015-09,8285.979
2997,WY,2015-10,1894.7096
2998,WY,2015-11,3803.5925
2999,WY,2015-12,4893.414
